Workbook
Name INM: 'Tipo Projeto'!$D$3:INDEX('Tipo Projeto'!$D$3:$D$108,COUNTIF('Tipo Projeto'!$D$3:$D$108,"?*"))
Name Matriz_INM: 'Tipo Projeto'!$D$3:INDEX('Tipo Projeto'!$D$3:$D$108,COUNTIF('Tipo Projeto'!$D$3:$D$108,"?*"))
Name Matriz_UST: 'Tipo Projeto'!#REF!:INDEX('Tipo Projeto'!#REF!,COUNTIF('Tipo Projeto'!#REF!,"?*"))
Name PF_INM: 'AFP - INM'!$S$385
Name PF_UST: UST!$D$5
Name Tipo_Contagem: Resumo!$B$5
Name TipoProjeto: 'Tipo Projeto'!$A$3:INDEX('Tipo Projeto'!$A$3:$A$109,COUNTIF('Tipo Projeto'!$A$3:$A$109,"?*"))
Name TipoSistema: 'Tipo Sistema'!$A$2:$A$8
Name UST: 'Tipo Projeto'!#REF!

Sheet Instrução de Uso

Sheet Resumo
A1: Contagem de Pontos de Função
A3: Identificação
A4: O.S.: | B4: Premio IEL de Talentos | E4: Tipo de Atividade: | F4: Desenvolvimento ou Manutenção
A5: Tipo de Contagem: | B5: Detalhada | E5: Aplicação: | F5: Portal de Compras
A6: Empresa | B6: Premio IEL de Talentos / IEL Nacional
A7: Elaborador da contagem: | B7: Equipe de Métricas | E7: Data da Contagem: | F7: 44619
A8: Revisor da contagem: | B8: =IF($B$5="Detalhada",IF('AFP - Detalhada'!R5<>"",'AFP - Detalhada'!R5,""),IF($B$5="Estimativa",IF('AFP - Estimativa'!K5<>"",'AFP - Estimativa'!K5,""),IF($B$5="Indicativa",IF('AFP - Indicativa'!H5<>"",'AFP - Indicativa'!H5,""),""))) | E8: Data da Revisão: | F8: =IF($B$5="Detalhada",IF('AFP - Detalhada'!R6<>"",'AFP - Detalhada'!R6,""),IF($B$5="Estimativa",IF('AFP - Estimativa'!K6<>"",'AFP - Estimativa'!K6,""),IF($B$5="Indicativa",IF('AFP - Indicativa'!H6<>"",'AFP - Indicativa'!H6,""),"")))
A10: Propósito da Contagem
A11: =IF(Tipo_Contagem<>"","Obtenção do tamanho funcional (APF) "&IF(Tipo_Contagem="Estimativa","Estimado", IF(Tipo_Contagem="Indicativa", "Indicativo", "Detalhado"))&" das funcionalidades solicitadas/entregues na OS "&IF(B4<>"",B4,"em questão"),"") -> Obtenção do tamanho funcional (APF) Detalhado das funcionalidades solicitadas/entregues na OS Premio IEL de Talentos
A13: Escopo da Contagem
A16: Quadro Resumo | E16: Projeto de Desenvolvimento e Manutenção
A17: Arquivo Lógico Interno (ALI) | C17: =IF((IF($B$5="Detalhada",SUMIF('AFP - Detalhada'!$G$10:$G$192,"ALI",'AFP - Detalhada'!$S$10:$S$192),IF($B$5="Estimativa",SUMIF('AFP - Estimativa'!$G$10:$G$383,"ALI",'AFP - Estimativa'!$J$10:$J$383)*(1+'AFP - Estimativa'!$C$6),IF($B$5="Indicativa",SUMIF('AFP - Indicativa'!$F$10:$F$108,"ALI",'AFP - Indicativa'!$G$10:$G$108)*(1+'AFP - Indicativa'!$D$6))))),IF($B$5="Detalhada",SUMIF('AFP - Detalhada'!$G$10:$G$192,"ALI",'AFP - Detalhada'!$S$10:$S$192),IF($B$5="Estimativa",SUMIF('AFP - Estimativa'!$G$10:$G$383,"ALI",'AFP - Estimativa'!$J$10:$J$383)*(1+'AFP - Estimativa'!$C$6),IF($B$5="Indicativa",SUMIF('AFP - Indicativa'!$F$10:$F$108,"ALI",'AFP - Indicativa'!$G$10:$G$108)*(1+'AFP - Indicativa'!$D$6)))),"") -> 92.5 | E17: Distribuição de Esforço por Fase do Projeto (conforme item 6.2 do Anexo I-A do TR)
A18: Arquivo de Interface Externa (AIE) | C18: =IF((IF($B$5="Detalhada",SUMIF('AFP - Detalhada'!$G$10:$G$192,"AIE",'AFP - Detalhada'!$S$10:$S$192),IF($B$5="Estimativa",SUMIF('AFP - Estimativa'!$G$10:$G$383,"AIE",'AFP - Estimativa'!$J$10:$J$383)*(1+'AFP - Estimativa'!$C$6),IF($B$5="Indicativa",SUMIF('AFP - Indicativa'!$F$10:$F$108,"AIE",'AFP - Indicativa'!$G$10:$G$108)*(1+'AFP - Indicativa'!$D$6))))),(IF($B$5="Detalhada",SUMIF('AFP - Detalhada'!$G$10:$G$192,"AIE",'AFP - Detalhada'!$S$10:$S$192),IF($B$5="Estimativa",SUMIF('AFP - Estimativa'!$G$10:$G$383,"AIE",'AFP - Estimativa'!$J$10:$J$383)*(1+'AFP - Estimativa'!$C$6),IF($B$5="Indicativa",SUMIF('AFP - Indicativa'!$F$10:$F$108,"AIE",'AFP - Indicativa'!$G$10:$G$108)*(1+'AFP - Indicativa'!$D$6))))),"")
A19: Consulta Externa (CE) | C19: =IF($B$5="Detalhada",SUMIF('AFP - Detalhada'!$G$10:$G$192,"CE",'AFP - Detalhada'!$S$10:$S$192),IF($B$5="Estimativa",SUMIF('AFP - Estimativa'!$G$10:$G$383,"CE",'AFP - Estimativa'!$J$10:$J$383)*(1+'AFP - Estimativa'!$C$6),"")) -> 122.5 | E19: Refino | G19: 0.2
A20: Entrada Externa (EE) | C20: =IF($B$5="Detalhada",SUMIF('AFP - Detalhada'!$G$10:$G$192,"EE",'AFP - Detalhada'!$S$10:$S$192),IF($B$5="Estimativa",SUMIF('AFP - Estimativa'!$G$10:$G$383,"EE",'AFP - Estimativa'!$J$10:$J$383)*(1+'AFP - Estimativa'!$C$6),"")) -> 205 | E20: Implementação | G20: 0.6
A21: Saída Externa (SE) | C21: =IF($B$5="Detalhada",SUMIF('AFP - Detalhada'!$G$10:$G$192,"SE",'AFP - Detalhada'!$S$10:$S$192),IF($B$5="Estimativa",SUMIF('AFP - Estimativa'!$G$10:$G$383,"SE",'AFP - Estimativa'!$J$10:$J$383)*(1+'AFP - Estimativa'!$C$6),"")) -> 82.5
A22: INM | C22: =IF($B$5="Detalhada",SUMIF('AFP - Detalhada'!$G$10:$G$198,"INM",'AFP - Detalhada'!$S$10:$S$198),IF($B$5="Estimativa",SUMIF('AFP - Estimativa'!$G$10:$G$383,"INM",'AFP - Estimativa'!$J$10:$J$383)*(1+'AFP - Estimativa'!$C$6),"")) -> 0
A23: UST | C23: =UST!K404 -> 0
A24: Total (A) | C24: =SUM(C17:C23) -> 502.5 | E24: Teste | G24: 0.2
E25: Percentual de Esforço (E) | G25: =SUM(G19:G24) -> 1
A26: Projeto de Redocumentação de Requisitos
E27: =CONCATENATE("Quantidade Final (A) x ",IF(F4<>"",IF(F4="Desenvolvimento ou manutenção","(E1)","(E2)"),"")) -> Quantidade Final (A) x (E1) | G27: =C24*IF(F4<>"",IF(F4="Desenvolvimento ou manutenção",G25,C31),0) -> 502.5
A28: Distribuição de Esforço conforme item 4.11 do SISP | E28: Fator de criticidade | G28: 1
E29: Quantidade Final Ajustada | G29: =G27*G28 -> 502.5
A30: Redocumentação somente requisitos | C30: 0.2
A31: Percentual de Esforço (E2) | C31: =SUM(C30:C30) -> 0.2

Sheet AFP - Detalhada
C1: Contagem de Pontos de Função Contagem Detalhada
J3: Elaborador da contagem: | R3: Andro Márcio Correa Louredo | W3: Validação/Controle de Divergência Fábrica de Métricas/Cliente | Z3: Elaborador da contagem:
B4: Contagem de PF Bruto: | D4: =R193 -> 647 | E4: Situação: | F4: Percentual de Divergência: | J4: Data da Contagem: | R4: 44717 | Z4: Data da Contagem:
B5: Contagem Fábrica de Software: | D5: =$S$193 -> 502.5 | E5: =IF(D6=0,"",IF(D5<>D6,"Em Divergência","Concluído")) | F5: =IF(ISERROR(1-(D6)/(D5)),"0",1-(D6)/(D5)) -> 1 | J5: Revisor da contagem: | Z5: Revisor da contagem:
B6: Contagem Fábrica de Métricas: | D6: =$AJ$193 -> 0 | J6: Data da Revisão: | Z6: Data da Revisão:
B8: Tipo Projeto | C8: Fator Ajuste | D8: Módulo | E8: Requisito | F8: Processos elementares | G8: Tipo | H8: Qtd. INM | I8: TD / DER | K8: RLR / ALR | O8: Complexidade | R8: PFB | S8: PFL | T8: Insumo | U8: Observação | W8: Validação | X8: Tipo Projeto | Y8: Fator Ajuste | Z8: Tipo | AA8: TD / DER | AC8: RLR / ALR | AG8: Complexidade | AJ8: PF | AK8: Parecer Técnico | AM8: Resposta Fábrica de Software | AO8: Parecer Final | AP8: Validação Final
I9: Qtd. | J9: Descrição | K9: Qtd. | L9: Descrição | M9: C_T | N9: C_D | P9: PF_T | Q9: PF_D | AA9: Qtd. | AB9: Descrição | AC9: Qtd. | AD9: Descrição | AE9: C_T | AF9: C_D | AH9: PF_T | AI9: PF_D
B10: Guia de Métricas da STI - Aplicação/Desenvolvimento | C10: =IF(B10<>"",VLOOKUP(B10,'Tipo Projeto'!$A$3:$B$44,2,0),0) -> 1 | D10: Usuário | F10: Pesquisar Usuários | G10: CE | I10: 10 | J10: Entidade Perfil Nome Login Email Situação Data Cadastro Data Atualização Ação Mensagem | K10: 1 | L10: Usuário | M10: =IF(G10="EE",IF(OR(AND(OR(K10=1,K10=0),I10>0,I10<5),AND(OR(K10=1,K10=0),I10>4,I10<16),AND(K10=2,I10>0,I10<5)),"Simples",IF(OR(AND(OR(K10=1,K10=0),I10>15),AND(K10=2,I10>4,I10<16),AND(K10>2,I10>0,I10<5)),"Médio",IF(OR(AND(K10=2,I10>15),AND(K10>2,I10>4,I10<16),AND(K10>2,I10>15)),"Complexo",""))), IF(OR(G10="CE",G10="SE"),IF(OR(AND(OR(K10=1,K10=0),I10>0,I10<6),AND(OR(K10=1,K10=0),I10>5,I10<20),AND(K10>1,K10<4,I10>0,I10<6)),"Simples",IF(OR(AND(OR(K10=1,K10=0),I10>19),AND(K10>1,K10<4,I10>5,I10<20),AND(K10>3,I10>0,I10<6)),"Médio",IF(OR(AND(K10>1,K10<4,I10>19),AND(K10>3,I10>5,I10<20),AND(K10>3,I10>19)),"Complexo",""))),"")) -> Simples | N10: =IF(G10="ALI",IF(OR(AND(OR(K10=1,K10=0),I10>0,I10<20),AND(OR(K10=1,K10=0),I10>19,I10<51),AND(K10>1,K10<6,I10>0,I10<20)),"Simples",IF(OR(AND(OR(K10=1,K10=0),I10>50),AND(K10>1,K10<6,I10>19,I10<51),AND(K10>5,I10>0,I10<20)),"Médio",IF(OR(AND(K10>1,K10<6,I10>50),AND(K10>5,I10>19,I10<51),AND(K10>5,I10>50)),"Complexo",""))), IF(G10="AIE",IF(OR(AND(OR(K10=1, K10=0),I10>0,I10<20),AND(OR(K10=1, K10=0),I10>19,I10<51),AND(K10>1,K10<6,I10>0,I10<20)),"Simples",IF(OR(AND(OR(K10=1, K10=0),I10>50),AND(K10>1,K10<6,I10>19,I10<51),AND(K10>5,I10>0,I10<20)),"Médio",IF(OR(AND(K10>1,K10<6,I10>50),AND(K10>5,I10>19,I10<51),AND(K10>5,I10>50)),"Complexo",""))),"")) | O10: =IF(M10="",N10,IF(N10="",M10,"")) -> Simples | P10: =IF(AND(OR(G10="EE",G10="CE"),O10="Simples"),3, IF(AND(OR(G10="EE",G10="CE"),O10="Médio"),4, IF(AND(OR(G10="EE",G10="CE"),O10="Complexo"),6, IF(AND(G10="SE",O10="Simples"),4, IF(AND(G10="SE",O10="Médio"),5, IF(AND(G10="SE",O10="Complexo"),7,0)))))) -> 3 | Q10: =IF(AND(G10="ALI",N10="Simples"),7, IF(AND(G10="ALI",N10="Médio"),10, IF(AND(G10="ALI",N10="Complexo"),15, IF(AND(G10="AIE",N10="Simples"),5, IF(AND(G10="AIE",N10="Médio"),7, IF(AND(G10="AIE",N10="Complexo"),10,0)))))) -> 0 | R10: =IF(G10="INM",C10*H10,IF(AND(OR(G10="EE",G10="CE"),O10="Simples"),3, IF(AND(OR(G10="EE",G10="CE"),O10="Médio"),4, IF(AND(OR(G10="EE",G10="CE"),O10="Complexo"),6, IF(AND(G10="SE",O10="Simples"),4, IF(AND(G10="SE",O10="Médio"),5, IF(AND(G10="SE",O10="Complexo"),7, IF(AND(G10="ALI",O10="Médio"),10, IF(AND(G10="ALI",O10="Simples"),7, IF(AND(G10="ALI",O10="Complexo"),15, IF(AND(G10="AIE",O10="Simples"),5, IF(AND(G10="AIE",O10="Médio"),7, IF(AND(G10="AIE",O10="Complexo"),10,0)) ))))))))))) -> 3 | S10: =IF(G10="INM",C10*H10,IF(B10<>"Manutenção em interface",IF(B10<>"Desenv., Manutenção e Publicação de Páginas Estáticas",(P10+Q10)*C10,C10),C10)) -> 3 | T10: PDTIC25093-2 | Y10: =IF(X10<>"",VLOOKUP(X10,'Tipo Projeto'!$A$3:$B$44,2,0),0) -> 0 | AE10: =IF(Z10="EE",IF(OR(AND(OR(AC10=1,AC10=0),AA10>0,AA10<5),AND(OR(AC10=1,AC10=0),AA10>4,AA10<16),AND(AC10=2,AA10>0,AA10<5)),"Simples",IF(OR(AND(OR(AC10=1,AC10=0),AA10>15),AND(AC10=2,AA10>4,AA10<16),AND(AC10>2,AA10>0,AA10<5)),"Médio",IF(OR(AND(AC10=2,AA10>15),AND(AC10>2,AA10>4,AA10<16),AND(AC10>2,AA10>15)),"Complexo",""))), IF(OR(Z10="CE",Z10="SE"),IF(OR(AND(OR(AC10=1,AC10=0),AA10>0,AA10<6),AND(OR(AC10=1,AC10=0),AA10>5,AA10<20),AND(AC10>1,AC10<4,AA10>0,AA10<6)),"Simples",IF(OR(AND(OR(AC10=1,AC10=0),AA10>19),AND(AC10>1,AC10<4,AA10>5,AA10<20),AND(AC10>3,AA10>0,AA10<6)),"Médio",IF(OR(AND(AC10>1,AC10<4,AA10>19),AND(AC10>3,AA10>5,AA10<20),AND(AC10>3,AA10>19)),"Complexo",""))),"")) | AF10: =IF(Z10="ALI",IF(OR(AND(OR(AC10=1,AC10=0),AA10>0,AA10<20),AND(OR(AC10=1,AC10=0),AA10>19,AA10<51),AND(AC10>1,AC10<6,AA10>0,AA10<20)),"Simples",IF(OR(AND(OR(AC10=1,AC10=0),AA10>50),AND(AC10>1,AC10<6,AA10>19,AA10<51),AND(AC10>5,AA10>0,AA10<20)),"Médio",IF(OR(AND(AC10>1,AC10<6,AA10>50),AND(AC10>5,AA10>19,AA10<51),AND(AC10>5,AA10>50)),"Complexo",""))), IF(Z10="AIE",IF(OR(AND(OR(AC10=1, AC10=0),AA10>0,AA10<20),AND(OR(AC10=1, AC10=0),AA10>19,AA10<51),AND(AC10>1,AC10<6,AA10>0,AA10<20)),"Simples",IF(OR(AND(OR(AC10=1, AC10=0),AA10>50),AND(AC10>1,AC10<6,AA10>19,AA10<51),AND(AC10>5,AA10>0,AA10<20)),"Médio",IF(OR(AND(AC10>1,AC10<6,AA10>50),AND(AC10>5,AA10>19,AA10<51),AND(AC10>5,AA10>50)),"Complexo",""))),"")) | AG10: =IF(AE10="",AF10,IF(AF10="",AE10,"")) | AH10: =IF(AND(OR(Z10="EE",Z10="CE"),AG10="Simples"),3, IF(AND(OR(Z10="EE",Z10="CE"),AG10="Médio"),4, IF(AND(OR(Z10="EE",Z10="CE"),AG10="Complexo"),6, IF(AND(Z10="SE",AG10="Simples"),4, IF(AND(Z10="SE",AG10="Médio"),5, IF(AND(Z10="SE",AG10="Complexo"),7,0)))))) -> 0 | AI10: =IF(AND(Z10="ALI",AF10="Simples"),7, IF(AND(Z10="ALI",AF10="Médio"),10, IF(AND(Z10="ALI",AF10="Complexo"),15, IF(AND(Z10="AIE",AF10="Simples"),5, IF(AND(Z10="AIE",AF10="Médio"),7, IF(AND(Z10="AIE",AF10="Complexo"),10,0)))))) -> 0 | AJ10: =IF(W10="OK",S10,( IF(X10<>"Manutenção em interface",IF(X10<>"Desenv., Manutenção e Publicação de Páginas Estáticas",(AH10+AI10)*Y10,Y10),Y10))) -> 0 | AP10: =IF(AJ10=0,"",IF(AJ10=S10,"OK","Divergente"))
B11: Guia de Métricas da STI - Aplicação/Desenvolvimento | C11: =IF(B11<>"",VLOOKUP(B11,'Tipo Projeto'!$A$3:$B$44,2,0),0) -> 1 | D11: Usuário | E11: HU-020_Cadastrar_Admin_Regionais.docx | F11: Incluir Usuário | G11: EE | I11: 12 | J11: Login Nome CPF Telefone Celular Email Cargo Perfil UF Atuação Entidade Ação Mensagem | K11: 1 | L11: Usuário | M11: =IF(G11="EE",IF(OR(AND(OR(K11=1,K11=0),I11>0,I11<5),AND(OR(K11=1,K11=0),I11>4,I11<16),AND(K11=2,I11>0,I11<5)),"Simples",IF(OR(AND(OR(K11=1,K11=0),I11>15),AND(K11=2,I11>4,I11<16),AND(K11>2,I11>0,I11<5)),"Médio",IF(OR(AND(K11=2,I11>15),AND(K11>2,I11>4,I11<16),AND(K11>2,I11>15)),"Complexo",""))), IF(OR(G11="CE",G11="SE"),IF(OR(AND(OR(K11=1,K11=0),I11>0,I11<6),AND(OR(K11=1,K11=0),I11>5,I11<20),AND(K11>1,K11<4,I11>0,I11<6)),"Simples",IF(OR(AND(OR(K11=1,K11=0),I11>19),AND(K11>1,K11<4,I11>5,I11<20),AND(K11>3,I11>0,I11<6)),"Médio",IF(OR(AND(K11>1,K11<4,I11>19),AND(K11>3,I11>5,I11<20),AND(K11>3,I11>19)),"Complexo",""))),"")) -> Simples | N11: =IF(G11="ALI",IF(OR(AND(OR(K11=1,K11=0),I11>0,I11<20),AND(OR(K11=1,K11=0),I11>19,I11<51),AND(K11>1,K11<6,I11>0,I11<20)),"Simples",IF(OR(AND(OR(K11=1,K11=0),I11>50),AND(K11>1,K11<6,I11>19,I11<51),AND(K11>5,I11>0,I11<20)),"Médio",IF(OR(AND(K11>1,K11<6,I11>50),AND(K11>5,I11>19,I11<51),AND(K11>5,I11>50)),"Complexo",""))), IF(G11="AIE",IF(OR(AND(OR(K11=1, K11=0),I11>0,I11<20),AND(OR(K11=1, K11=0),I11>19,I11<51),AND(K11>1,K11<6,I11>0,I11<20)),"Simples",IF(OR(AND(OR(K11=1, K11=0),I11>50),AND(K11>1,K11<6,I11>19,I11<51),AND(K11>5,I11>0,I11<20)),"Médio",IF(OR(AND(K11>1,K11<6,I11>50),AND(K11>5,I11>19,I11<51),AND(K11>5,I11>50)),"Complexo",""))),"")) | O11: =IF(M11="",N11,IF(N11="",M11,"")) -> Simples | P11: =IF(AND(OR(G11="EE",G11="CE"),O11="Simples"),3, IF(AND(OR(G11="EE",G11="CE"),O11="Médio"),4, IF(AND(OR(G11="EE",G11="CE"),O11="Complexo"),6, IF(AND(G11="SE",O11="Simples"),4, IF(AND(G11="SE",O11="Médio"),5, IF(AND(G11="SE",O11="Complexo"),7,0)))))) -> 3 | Q11: =IF(AND(G11="ALI",N11="Simples"),7, IF(AND(G11="ALI",N11="Médio"),10, IF(AND(G11="ALI",N11="Complexo"),15, IF(AND(G11="AIE",N11="Simples"),5, IF(AND(G11="AIE",N11="Médio"),7, IF(AND(G11="AIE",N11="Complexo"),10,0)))))) -> 0 | R11: =IF(G11="INM",C11*H11,IF(AND(OR(G11="EE",G11="CE"),O11="Simples"),3, IF(AND(OR(G11="EE",G11="CE"),O11="Médio"),4, IF(AND(OR(G11="EE",G11="CE"),O11="Complexo"),6, IF(AND(G11="SE",O11="Simples"),4, IF(AND(G11="SE",O11="Médio"),5, IF(AND(G11="SE",O11="Complexo"),7, IF(AND(G11="ALI",O11="Médio"),10, IF(AND(G11="ALI",O11="Simples"),7, IF(AND(G11="ALI",O11="Complexo"),15, IF(AND(G11="AIE",O11="Simples"),5, IF(AND(G11="AIE",O11="Médio"),7, IF(AND(G11="AIE",O11="Complexo"),10,0)) ))))))))))) -> 3 | S11: =IF(G11="INM",C11*H11,IF(B11<>"Manutenção em interface",IF(B11<>"Desenv., Manutenção e Publicação de Páginas Estáticas",(P11+Q11)*C11,C11),C11)) -> 3 | T11: 20 | Y11: =IF(X11<>"",VLOOKUP(X11,'Tipo Projeto'!$A$3:$B$44,2,0),0) -> 0 | AE11: =IF(Z11="EE",IF(OR(AND(OR(AC11=1,AC11=0),AA11>0,AA11<5),AND(OR(AC11=1,AC11=0),AA11>4,AA11<16),AND(AC11=2,AA11>0,AA11<5)),"Simples",IF(OR(AND(OR(AC11=1,AC11=0),AA11>15),AND(AC11=2,AA11>4,AA11<16),AND(AC11>2,AA11>0,AA11<5)),"Médio",IF(OR(AND(AC11=2,AA11>15),AND(AC11>2,AA11>4,AA11<16),AND(AC11>2,AA11>15)),"Complexo",""))), IF(OR(Z11="CE",Z11="SE"),IF(OR(AND(OR(AC11=1,AC11=0),AA11>0,AA11<6),AND(OR(AC11=1,AC11=0),AA11>5,AA11<20),AND(AC11>1,AC11<4,AA11>0,AA11<6)),"Simples",IF(OR(AND(OR(AC11=1,AC11=0),AA11>19),AND(AC11>1,AC11<4,AA11>5,AA11<20),AND(AC11>3,AA11>0,AA11<6)),"Médio",IF(OR(AND(AC11>1,AC11<4,AA11>19),AND(AC11>3,AA11>5,AA11<20),AND(AC11>3,AA11>19)),"Complexo",""))),"")) | AF11: =IF(Z11="ALI",IF(OR(AND(OR(AC11=1,AC11=0),AA11>0,AA11<20),AND(OR(AC11=1,AC11=0),AA11>19,AA11<51),AND(AC11>1,AC11<6,AA11>0,AA11<20)),"Simples",IF(OR(AND(OR(AC11=1,AC11=0),AA11>50),AND(AC11>1,AC11<6,AA11>19,AA11<51),AND(AC11>5,AA11>0,AA11<20)),"Médio",IF(OR(AND(AC11>1,AC11<6,AA11>50),AND(AC11>5,AA11>19,AA11<51),AND(AC11>5,AA11>50)),"Complexo",""))), IF(Z11="AIE",IF(OR(AND(OR(AC11=1, AC11=0),AA11>0,AA11<20),AND(OR(AC11=1, AC11=0),AA11>19,AA11<51),AND(AC11>1,AC11<6,AA11>0,AA11<20)),"Simples",IF(OR(AND(OR(AC11=1, AC11=0),AA11>50),AND(AC11>1,AC11<6,AA11>19,AA11<51),AND(AC11>5,AA11>0,AA11<20)),"Médio",IF(OR(AND(AC11>1,AC11<6,AA11>50),AND(AC11>5,AA11>19,AA11<51),AND(AC11>5,AA11>50)),"Complexo",""))),"")) | AG11: =IF(AE11="",AF11,IF(AF11="",AE11,"")) | AH11: =IF(AND(OR(Z11="EE",Z11="CE"),AG11="Simples"),3, IF(AND(OR(Z11="EE",Z11="CE"),AG11="Médio"),4, IF(AND(OR(Z11="EE",Z11="CE"),AG11="Complexo"),6, IF(AND(Z11="SE",AG11="Simples"),4, IF(AND(Z11="SE",AG11="Médio"),5, IF(AND(Z11="SE",AG11="Complexo"),7,0)))))) -> 0 | AI11: =IF(AND(Z11="ALI",AF11="Simples"),7, IF(AND(Z11="ALI",AF11="Médio"),10, IF(AND(Z11="ALI",AF11="Complexo"),15, IF(AND(Z11="AIE",AF11="Simples"),5, IF(AND(Z11="AIE",AF11="Médio"),7, IF(AND(Z11="AIE",AF11="Complexo"),10,0)))))) -> 0 | AJ11: =IF(W11="OK",S11,( IF(X11<>"Manutenção em interface",IF(X11<>"Desenv., Manutenção e Publicação de Páginas Estáticas",(AH11+AI11)*Y11,Y11),Y11))) -> 0 | AP11: =IF(AJ11=0,"",IF(AJ11=S11,"OK","Divergente"))
B12: Guia de Métricas da STI - Aplicação/Desenvolvimento | C12: =IF(B12<>"",VLOOKUP(B12,'Tipo Projeto'!$A$3:$B$44,2,0),0) -> 1 | D12: Usuário | E12: HU-020_Cadastrar_Admin_Regionais.docx | F12: Consultar Usuário (implícito) | G12: EE | I12: 11 | J12: Login Nome CPF Telefone Celular Email Cargo Perfil UF Atuação Entidade Ação | K12: 1 | L12: Usuário | M12: =IF(G12="EE",IF(OR(AND(OR(K12=1,K12=0),I12>0,I12<5),AND(OR(K12=1,K12=0),I12>4,I12<16),AND(K12=2,I12>0,I12<5)),"Simples",IF(OR(AND(OR(K12=1,K12=0),I12>15),AND(K12=2,I12>4,I12<16),AND(K12>2,I12>0,I12<5)),"Médio",IF(OR(AND(K12=2,I12>15),AND(K12>2,I12>4,I12<16),AND(K12>2,I12>15)),"Complexo",""))), IF(OR(G12="CE",G12="SE"),IF(OR(AND(OR(K12=1,K12=0),I12>0,I12<6),AND(OR(K12=1,K12=0),I12>5,I12<20),AND(K12>1,K12<4,I12>0,I12<6)),"Simples",IF(OR(AND(OR(K12=1,K12=0),I12>19),AND(K12>1,K12<4,I12>5,I12<20),AND(K12>3,I12>0,I12<6)),"Médio",IF(OR(AND(K12>1,K12<4,I12>19),AND(K12>3,I12>5,I12<20),AND(K12>3,I12>19)),"Complexo",""))),"")) -> Simples | N12: =IF(G12="ALI",IF(OR(AND(OR(K12=1,K12=0),I12>0,I12<20),AND(OR(K12=1,K12=0),I12>19,I12<51),AND(K12>1,K12<6,I12>0,I12<20)),"Simples",IF(OR(AND(OR(K12=1,K12=0),I12>50),AND(K12>1,K12<6,I12>19,I12<51),AND(K12>5,I12>0,I12<20)),"Médio",IF(OR(AND(K12>1,K12<6,I12>50),AND(K12>5,I12>19,I12<51),AND(K12>5,I12>50)),"Complexo",""))), IF(G12="AIE",IF(OR(AND(OR(K12=1, K12=0),I12>0,I12<20),AND(OR(K12=1, K12=0),I12>19,I12<51),AND(K12>1,K12<6,I12>0,I12<20)),"Simples",IF(OR(AND(OR(K12=1, K12=0),I12>50),AND(K12>1,K12<6,I12>19,I12<51),AND(K12>5,I12>0,I12<20)),"Médio",IF(OR(AND(K12>1,K12<6,I12>50),AND(K12>5,I12>19,I12<51),AND(K12>5,I12>50)),"Complexo",""))),"")) | O12: =IF(M12="",N12,IF(N12="",M12,"")) -> Simples | P12: =IF(AND(OR(G12="EE",G12="CE"),O12="Simples"),3, IF(AND(OR(G12="EE",G12="CE"),O12="Médio"),4, IF(AND(OR(G12="EE",G12="CE"),O12="Complexo"),6, IF(AND(G12="SE",O12="Simples"),4, IF(AND(G12="SE",O12="Médio"),5, IF(AND(G12="SE",O12="Complexo"),7,0)))))) -> 3 | Q12: =IF(AND(G12="ALI",N12="Simples"),7, IF(AND(G12="ALI",N12="Médio"),10, IF(AND(G12="ALI",N12="Complexo"),15, IF(AND(G12="AIE",N12="Simples"),5, IF(AND(G12="AIE",N12="Médio"),7, IF(AND(G12="AIE",N12="Complexo"),10,0)))))) -> 0 | R12: =IF(G12="INM",C12*H12,IF(AND(OR(G12="EE",G12="CE"),O12="Simples"),3, IF(AND(OR(G12="EE",G12="CE"),O12="Médio"),4, IF(AND(OR(G12="EE",G12="CE"),O12="Complexo"),6, IF(AND(G12="SE",O12="Simples"),4, IF(AND(G12="SE",O12="Médio"),5, IF(AND(G12="SE",O12="Complexo"),7, IF(AND(G12="ALI",O12="Médio"),10, IF(AND(G12="ALI",O12="Simples"),7, IF(AND(G12="ALI",O12="Complexo"),15, IF(AND(G12="AIE",O12="Simples"),5, IF(AND(G12="AIE",O12="Médio"),7, IF(AND(G12="AIE",O12="Complexo"),10,0)) ))))))))))) -> 3 | S12: =IF(G12="INM",C12*H12,IF(B12<>"Manutenção em interface",IF(B12<>"Desenv., Manutenção e Publicação de Páginas Estáticas",(P12+Q12)*C12,C12),C12)) -> 3 | T12: 20 | Y12: =IF(X12<>"",VLOOKUP(X12,'Tipo Projeto'!$A$3:$B$44,2,0),0) -> 0 | AE12: =IF(Z12="EE",IF(OR(AND(OR(AC12=1,AC12=0),AA12>0,AA12<5),AND(OR(AC12=1,AC12=0),AA12>4,AA12<16),AND(AC12=2,AA12>0,AA12<5)),"Simples",IF(OR(AND(OR(AC12=1,AC12=0),AA12>15),AND(AC12=2,AA12>4,AA12<16),AND(AC12>2,AA12>0,AA12<5)),"Médio",IF(OR(AND(AC12=2,AA12>15),AND(AC12>2,AA12>4,AA12<16),AND(AC12>2,AA12>15)),"Complexo",""))), IF(OR(Z12="CE",Z12="SE"),IF(OR(AND(OR(AC12=1,AC12=0),AA12>0,AA12<6),AND(OR(AC12=1,AC12=0),AA12>5,AA12<20),AND(AC12>1,AC12<4,AA12>0,AA12<6)),"Simples",IF(OR(AND(OR(AC12=1,AC12=0),AA12>19),AND(AC12>1,AC12<4,AA12>5,AA12<20),AND(AC12>3,AA12>0,AA12<6)),"Médio",IF(OR(AND(AC12>1,AC12<4,AA12>19),AND(AC12>3,AA12>5,AA12<20),AND(AC12>3,AA12>19)),"Complexo",""))),"")) | AF12: =IF(Z12="ALI",IF(OR(AND(OR(AC12=1,AC12=0),AA12>0,AA12<20),AND(OR(AC12=1,AC12=0),AA12>19,AA12<51),AND(AC12>1,AC12<6,AA12>0,AA12<20)),"Simples",IF(OR(AND(OR(AC12=1,AC12=0),AA12>50),AND(AC12>1,AC12<6,AA12>19,AA12<51),AND(AC12>5,AA12>0,AA12<20)),"Médio",IF(OR(AND(AC12>1,AC12<6,AA12>50),AND(AC12>5,AA12>19,AA12<51),AND(AC12>5,AA12>50)),"Complexo",""))), IF(Z12="AIE",IF(OR(AND(OR(AC12=1, AC12=0),AA12>0,AA12<20),AND(OR(AC12=1, AC12=0),AA12>19,AA12<51),AND(AC12>1,AC12<6,AA12>0,AA12<20)),"Simples",IF(OR(AND(OR(AC12=1, AC12=0),AA12>50),AND(AC12>1,AC12<6,AA12>19,AA12<51),AND(AC12>5,AA12>0,AA12<20)),"Médio",IF(OR(AND(AC12>1,AC12<6,AA12>50),AND(AC12>5,AA12>19,AA12<51),AND(AC12>5,AA12>50)),"Complexo",""))),"")) | AG12: =IF(AE12="",AF12,IF(AF12="",AE12,"")) | AH12: =IF(AND(OR(Z12="EE",Z12="CE"),AG12="Simples"),3, IF(AND(OR(Z12="EE",Z12="CE"),AG12="Médio"),4, IF(AND(OR(Z12="EE",Z12="CE"),AG12="Complexo"),6, IF(AND(Z12="SE",AG12="Simples"),4, IF(AND(Z12="SE",AG12="Médio"),5, IF(AND(Z12="SE",AG12="Complexo"),7,0)))))) -> 0 | AI12: =IF(AND(Z12="ALI",AF12="Simples"),7, IF(AND(Z12="ALI",AF12="Médio"),10, IF(AND(Z12="ALI",AF12="Complexo"),15, IF(AND(Z12="AIE",AF12="Simples"),5, IF(AND(Z12="AIE",AF12="Médio"),7, IF(AND(Z12="AIE",AF12="Complexo"),10,0)))))) -> 0 | AJ12: =IF(W12="OK",S12,( IF(X12<>"Manutenção em interface",IF(X12<>"Desenv., Manutenção e Publicação de Páginas Estáticas",(AH12+AI12)*Y12,Y12),Y12))) -> 0 | AP12: =IF(AJ12=0,"",IF(AJ12=S12,"OK","Divergente"))
B13: Guia de Métricas da STI - Aplicação/Desenvolvimento | C13: =IF(B13<>"",VLOOKUP(B13,'Tipo Projeto'!$A$3:$B$44,2,0),0) -> 1 | D13: Usuário | E13: HU-020_Cadastrar_Admin_Regionais.docx | F13: Editar Usuário | G13: EE | I13: 11 | J13: Nome CPF Telefone Celular Email Cargo Perfil UF Atuação Entidade Ação Mensagem | K13: 1 | L13: Usuário | M13: =IF(G13="EE",IF(OR(AND(OR(K13=1,K13=0),I13>0,I13<5),AND(OR(K13=1,K13=0),I13>4,I13<16),AND(K13=2,I13>0,I13<5)),"Simples",IF(OR(AND(OR(K13=1,K13=0),I13>15),AND(K13=2,I13>4,I13<16),AND(K13>2,I13>0,I13<5)),"Médio",IF(OR(AND(K13=2,I13>15),AND(K13>2,I13>4,I13<16),AND(K13>2,I13>15)),"Complexo",""))), IF(OR(G13="CE",G13="SE"),IF(OR(AND(OR(K13=1,K13=0),I13>0,I13<6),AND(OR(K13=1,K13=0),I13>5,I13<20),AND(K13>1,K13<4,I13>0,I13<6)),"Simples",IF(OR(AND(OR(K13=1,K13=0),I13>19),AND(K13>1,K13<4,I13>5,I13<20),AND(K13>3,I13>0,I13<6)),"Médio",IF(OR(AND(K13>1,K13<4,I13>19),AND(K13>3,I13>5,I13<20),AND(K13>3,I13>19)),"Complexo",""))),"")) -> Simples | N13: =IF(G13="ALI",IF(OR(AND(OR(K13=1,K13=0),I13>0,I13<20),AND(OR(K13=1,K13=0),I13>19,I13<51),AND(K13>1,K13<6,I13>0,I13<20)),"Simples",IF(OR(AND(OR(K13=1,K13=0),I13>50),AND(K13>1,K13<6,I13>19,I13<51),AND(K13>5,I13>0,I13<20)),"Médio",IF(OR(AND(K13>1,K13<6,I13>50),AND(K13>5,I13>19,I13<51),AND(K13>5,I13>50)),"Complexo",""))), IF(G13="AIE",IF(OR(AND(OR(K13=1, K13=0),I13>0,I13<20),AND(OR(K13=1, K13=0),I13>19,I13<51),AND(K13>1,K13<6,I13>0,I13<20)),"Simples",IF(OR(AND(OR(K13=1, K13=0),I13>50),AND(K13>1,K13<6,I13>19,I13<51),AND(K13>5,I13>0,I13<20)),"Médio",IF(OR(AND(K13>1,K13<6,I13>50),AND(K13>5,I13>19,I13<51),AND(K13>5,I13>50)),"Complexo",""))),"")) | O13: =IF(M13="",N13,IF(N13="",M13,"")) -> Simples | P13: =IF(AND(OR(G13="EE",G13="CE"),O13="Simples"),3, IF(AND(OR(G13="EE",G13="CE"),O13="Médio"),4, IF(AND(OR(G13="EE",G13="CE"),O13="Complexo"),6, IF(AND(G13="SE",O13="Simples"),4, IF(AND(G13="SE",O13="Médio"),5, IF(AND(G13="SE",O13="Complexo"),7,0)))))) -> 3 | Q13: =IF(AND(G13="ALI",N13="Simples"),7, IF(AND(G13="ALI",N13="Médio"),10, IF(AND(G13="ALI",N13="Complexo"),15, IF(AND(G13="AIE",N13="Simples"),5, IF(AND(G13="AIE",N13="Médio"),7, IF(AND(G13="AIE",N13="Complexo"),10,0)))))) -> 0 | R13: =IF(G13="INM",C13*H13,IF(AND(OR(G13="EE",G13="CE"),O13="Simples"),3, IF(AND(OR(G13="EE",G13="CE"),O13="Médio"),4, IF(AND(OR(G13="EE",G13="CE"),O13="Complexo"),6, IF(AND(G13="SE",O13="Simples"),4, IF(AND(G13="SE",O13="Médio"),5, IF(AND(G13="SE",O13="Complexo"),7, IF(AND(G13="ALI",O13="Médio"),10, IF(AND(G13="ALI",O13="Simples"),7, IF(AND(G13="ALI",O13="Complexo"),15, IF(AND(G13="AIE",O13="Simples"),5, IF(AND(G13="AIE",O13="Médio"),7, IF(AND(G13="AIE",O13="Complexo"),10,0)) ))))))))))) -> 3 | S13: =IF(G13="INM",C13*H13,IF(B13<>"Manutenção em interface",IF(B13<>"Desenv., Manutenção e Publicação de Páginas Estáticas",(P13+Q13)*C13,C13),C13)) -> 3 | T13: 20 | Y13: =IF(X13<>"",VLOOKUP(X13,'Tipo Projeto'!$A$3:$B$44,2,0),0) -> 0 | AE13: =IF(Z13="EE",IF(OR(AND(OR(AC13=1,AC13=0),AA13>0,AA13<5),AND(OR(AC13=1,AC13=0),AA13>4,AA13<16),AND(AC13=2,AA13>0,AA13<5)),"Simples",IF(OR(AND(OR(AC13=1,AC13=0),AA13>15),AND(AC13=2,AA13>4,AA13<16),AND(AC13>2,AA13>0,AA13<5)),"Médio",IF(OR(AND(AC13=2,AA13>15),AND(AC13>2,AA13>4,AA13<16),AND(AC13>2,AA13>15)),"Complexo",""))), IF(OR(Z13="CE",Z13="SE"),IF(OR(AND(OR(AC13=1,AC13=0),AA13>0,AA13<6),AND(OR(AC13=1,AC13=0),AA13>5,AA13<20),AND(AC13>1,AC13<4,AA13>0,AA13<6)),"Simples",IF(OR(AND(OR(AC13=1,AC13=0),AA13>19),AND(AC13>1,AC13<4,AA13>5,AA13<20),AND(AC13>3,AA13>0,AA13<6)),"Médio",IF(OR(AND(AC13>1,AC13<4,AA13>19),AND(AC13>3,AA13>5,AA13<20),AND(AC13>3,AA13>19)),"Complexo",""))),"")) | AF13: =IF(Z13="ALI",IF(OR(AND(OR(AC13=1,AC13=0),AA13>0,AA13<20),AND(OR(AC13=1,AC13=0),AA13>19,AA13<51),AND(AC13>1,AC13<6,AA13>0,AA13<20)),"Simples",IF(OR(AND(OR(AC13=1,AC13=0),AA13>50),AND(AC13>1,AC13<6,AA13>19,AA13<51),AND(AC13>5,AA13>0,AA13<20)),"Médio",IF(OR(AND(AC13>1,AC13<6,AA13>50),AND(AC13>5,AA13>19,AA13<51),AND(AC13>5,AA13>50)),"Complexo",""))), IF(Z13="AIE",IF(OR(AND(OR(AC13=1, AC13=0),AA13>0,AA13<20),AND(OR(AC13=1, AC13=0),AA13>19,AA13<51),AND(AC13>1,AC13<6,AA13>0,AA13<20)),"Simples",IF(OR(AND(OR(AC13=1, AC13=0),AA13>50),AND(AC13>1,AC13<6,AA13>19,AA13<51),AND(AC13>5,AA13>0,AA13<20)),"Médio",IF(OR(AND(AC13>1,AC13<6,AA13>50),AND(AC13>5,AA13>19,AA13<51),AND(AC13>5,AA13>50)),"Complexo",""))),"")) | AG13: =IF(AE13="",AF13,IF(AF13="",AE13,"")) | AH13: =IF(AND(OR(Z13="EE",Z13="CE"),AG13="Simples"),3, IF(AND(OR(Z13="EE",Z13="CE"),AG13="Médio"),4, IF(AND(OR(Z13="EE",Z13="CE"),AG13="Complexo"),6, IF(AND(Z13="SE",AG13="Simples"),4, IF(AND(Z13="SE",AG13="Médio"),5, IF(AND(Z13="SE",AG13="Complexo"),7,0)))))) -> 0 | AI13: =IF(AND(Z13="ALI",AF13="Simples"),7, IF(AND(Z13="ALI",AF13="Médio"),10, IF(AND(Z13="ALI",AF13="Complexo"),15, IF(AND(Z13="AIE",AF13="Simples"),5, IF(AND(Z13="AIE",AF13="Médio"),7, IF(AND(Z13="AIE",AF13="Complexo"),10,0)))))) -> 0 | AJ13: =IF(W13="OK",S13,( IF(X13<>"Manutenção em interface",IF(X13<>"Desenv., Manutenção e Publicação de Páginas Estáticas",(AH13+AI13)*Y13,Y13),Y13))) -> 0 | AP13: =IF(AJ13=0,"",IF(AJ13=S13,"OK","Divergente"))
C14: =IF(B14<>"",VLOOKUP(B14,'Tipo Projeto'!$A$3:$B$44,2,0),0) -> 0 | M14: =IF(G14="EE",IF(OR(AND(OR(K14=1,K14=0),I14>0,I14<5),AND(OR(K14=1,K14=0),I14>4,I14<16),AND(K14=2,I14>0,I14<5)),"Simples",IF(OR(AND(OR(K14=1,K14=0),I14>15),AND(K14=2,I14>4,I14<16),AND(K14>2,I14>0,I14<5)),"Médio",IF(OR(AND(K14=2,I14>15),AND(K14>2,I14>4,I14<16),AND(K14>2,I14>15)),"Complexo",""))), IF(OR(G14="CE",G14="SE"),IF(OR(AND(OR(K14=1,K14=0),I14>0,I14<6),AND(OR(K14=1,K14=0),I14>5,I14<20),AND(K14>1,K14<4,I14>0,I14<6)),"Simples",IF(OR(AND(OR(K14=1,K14=0),I14>19),AND(K14>1,K14<4,I14>5,I14<20),AND(K14>3,I14>0,I14<6)),"Médio",IF(OR(AND(K14>1,K14<4,I14>19),AND(K14>3,I14>5,I14<20),AND(K14>3,I14>19)),"Complexo",""))),"")) | N14: =IF(G14="ALI",IF(OR(AND(OR(K14=1,K14=0),I14>0,I14<20),AND(OR(K14=1,K14=0),I14>19,I14<51),AND(K14>1,K14<6,I14>0,I14<20)),"Simples",IF(OR(AND(OR(K14=1,K14=0),I14>50),AND(K14>1,K14<6,I14>19,I14<51),AND(K14>5,I14>0,I14<20)),"Médio",IF(OR(AND(K14>1,K14<6,I14>50),AND(K14>5,I14>19,I14<51),AND(K14>5,I14>50)),"Complexo",""))), IF(G14="AIE",IF(OR(AND(OR(K14=1, K14=0),I14>0,I14<20),AND(OR(K14=1, K14=0),I14>19,I14<51),AND(K14>1,K14<6,I14>0,I14<20)),"Simples",IF(OR(AND(OR(K14=1, K14=0),I14>50),AND(K14>1,K14<6,I14>19,I14<51),AND(K14>5,I14>0,I14<20)),"Médio",IF(OR(AND(K14>1,K14<6,I14>50),AND(K14>5,I14>19,I14<51),AND(K14>5,I14>50)),"Complexo",""))),"")) | O14: =IF(M14="",N14,IF(N14="",M14,"")) | P14: =IF(AND(OR(G14="EE",G14="CE"),O14="Simples"),3, IF(AND(OR(G14="EE",G14="CE"),O14="Médio"),4, IF(AND(OR(G14="EE",G14="CE"),O14="Complexo"),6, IF(AND(G14="SE",O14="Simples"),4, IF(AND(G14="SE",O14="Médio"),5, IF(AND(G14="SE",O14="Complexo"),7,0)))))) -> 0 | Q14: =IF(AND(G14="ALI",N14="Simples"),7, IF(AND(G14="ALI",N14="Médio"),10, IF(AND(G14="ALI",N14="Complexo"),15, IF(AND(G14="AIE",N14="Simples"),5, IF(AND(G14="AIE",N14="Médio"),7, IF(AND(G14="AIE",N14="Complexo"),10,0)))))) -> 0 | R14: =IF(G14="INM",C14*H14,IF(AND(OR(G14="EE",G14="CE"),O14="Simples"),3, IF(AND(OR(G14="EE",G14="CE"),O14="Médio"),4, IF(AND(OR(G14="EE",G14="CE"),O14="Complexo"),6, IF(AND(G14="SE",O14="Simples"),4, IF(AND(G14="SE",O14="Médio"),5, IF(AND(G14="SE",O14="Complexo"),7, IF(AND(G14="ALI",O14="Médio"),10, IF(AND(G14="ALI",O14="Simples"),7, IF(AND(G14="ALI",O14="Complexo"),15, IF(AND(G14="AIE",O14="Simples"),5, IF(AND(G14="AIE",O14="Médio"),7, IF(AND(G14="AIE",O14="Complexo"),10,0)) ))))))))))) -> 0 | S14: =IF(G14="INM",C14*H14,IF(B14<>"Manutenção em interface",IF(B14<>"Desenv., Manutenção e Publicação de Páginas Estáticas",(P14+Q14)*C14,C14),C14)) -> 0 | Y14: =IF(X14<>"",VLOOKUP(X14,'Tipo Projeto'!$A$3:$B$44,2,0),0) -> 0 | AE14: =IF(Z14="EE",IF(OR(AND(OR(AC14=1,AC14=0),AA14>0,AA14<5),AND(OR(AC14=1,AC14=0),AA14>4,AA14<16),AND(AC14=2,AA14>0,AA14<5)),"Simples",IF(OR(AND(OR(AC14=1,AC14=0),AA14>15),AND(AC14=2,AA14>4,AA14<16),AND(AC14>2,AA14>0,AA14<5)),"Médio",IF(OR(AND(AC14=2,AA14>15),AND(AC14>2,AA14>4,AA14<16),AND(AC14>2,AA14>15)),"Complexo",""))), IF(OR(Z14="CE",Z14="SE"),IF(OR(AND(OR(AC14=1,AC14=0),AA14>0,AA14<6),AND(OR(AC14=1,AC14=0),AA14>5,AA14<20),AND(AC14>1,AC14<4,AA14>0,AA14<6)),"Simples",IF(OR(AND(OR(AC14=1,AC14=0),AA14>19),AND(AC14>1,AC14<4,AA14>5,AA14<20),AND(AC14>3,AA14>0,AA14<6)),"Médio",IF(OR(AND(AC14>1,AC14<4,AA14>19),AND(AC14>3,AA14>5,AA14<20),AND(AC14>3,AA14>19)),"Complexo",""))),"")) | AF14: =IF(Z14="ALI",IF(OR(AND(OR(AC14=1,AC14=0),AA14>0,AA14<20),AND(OR(AC14=1,AC14=0),AA14>19,AA14<51),AND(AC14>1,AC14<6,AA14>0,AA14<20)),"Simples",IF(OR(AND(OR(AC14=1,AC14=0),AA14>50),AND(AC14>1,AC14<6,AA14>19,AA14<51),AND(AC14>5,AA14>0,AA14<20)),"Médio",IF(OR(AND(AC14>1,AC14<6,AA14>50),AND(AC14>5,AA14>19,AA14<51),AND(AC14>5,AA14>50)),"Complexo",""))), IF(Z14="AIE",IF(OR(AND(OR(AC14=1, AC14=0),AA14>0,AA14<20),AND(OR(AC14=1, AC14=0),AA14>19,AA14<51),AND(AC14>1,AC14<6,AA14>0,AA14<20)),"Simples",IF(OR(AND(OR(AC14=1, AC14=0),AA14>50),AND(AC14>1,AC14<6,AA14>19,AA14<51),AND(AC14>5,AA14>0,AA14<20)),"Médio",IF(OR(AND(AC14>1,AC14<6,AA14>50),AND(AC14>5,AA14>19,AA14<51),AND(AC14>5,AA14>50)),"Complexo",""))),"")) | AG14: =IF(AE14="",AF14,IF(AF14="",AE14,"")) | AH14: =IF(AND(OR(Z14="EE",Z14="CE"),AG14="Simples"),3, IF(AND(OR(Z14="EE",Z14="CE"),AG14="Médio"),4, IF(AND(OR(Z14="EE",Z14="CE"),AG14="Complexo"),6, IF(AND(Z14="SE",AG14="Simples"),4, IF(AND(Z14="SE",AG14="Médio"),5, IF(AND(Z14="SE",AG14="Complexo"),7,0)))))) -> 0 | AI14: =IF(AND(Z14="ALI",AF14="Simples"),7, IF(AND(Z14="ALI",AF14="Médio"),10, IF(AND(Z14="ALI",AF14="Complexo"),15, IF(AND(Z14="AIE",AF14="Simples"),5, IF(AND(Z14="AIE",AF14="Médio"),7, IF(AND(Z14="AIE",AF14="Complexo"),10,0)))))) -> 0 | AJ14: =IF(W14="OK",S14,( IF(X14<>"Manutenção em interface",IF(X14<>"Desenv., Manutenção e Publicação de Páginas Estáticas",(AH14+AI14)*Y14,Y14),Y14))) -> 0 | AP14: =IF(AJ14=0,"",IF(AJ14=S14,"OK","Divergente"))
B15: Guia de Métricas da STI - Aplicação/Desenvolvimento | C15: =IF(B15<>"",VLOOKUP(B15,'Tipo Projeto'!$A$3:$B$44,2,0),0) -> 1 | D15: Categoria | F15: Pesquisar Categorias | G15: SE | I15: 6 | J15: Nome Descrição Qtd Vinculos Status Ação Mensagem | K15: 2 | L15: Categoria Premiação | M15: =IF(G15="EE",IF(OR(AND(OR(K15=1,K15=0),I15>0,I15<5),AND(OR(K15=1,K15=0),I15>4,I15<16),AND(K15=2,I15>0,I15<5)),"Simples",IF(OR(AND(OR(K15=1,K15=0),I15>15),AND(K15=2,I15>4,I15<16),AND(K15>2,I15>0,I15<5)),"Médio",IF(OR(AND(K15=2,I15>15),AND(K15>2,I15>4,I15<16),AND(K15>2,I15>15)),"Complexo",""))), IF(OR(G15="CE",G15="SE"),IF(OR(AND(OR(K15=1,K15=0),I15>0,I15<6),AND(OR(K15=1,K15=0),I15>5,I15<20),AND(K15>1,K15<4,I15>0,I15<6)),"Simples",IF(OR(AND(OR(K15=1,K15=0),I15>19),AND(K15>1,K15<4,I15>5,I15<20),AND(K15>3,I15>0,I15<6)),"Médio",IF(OR(AND(K15>1,K15<4,I15>19),AND(K15>3,I15>5,I15<20),AND(K15>3,I15>19)),"Complexo",""))),"")) -> Médio | N15: =IF(G15="ALI",IF(OR(AND(OR(K15=1,K15=0),I15>0,I15<20),AND(OR(K15=1,K15=0),I15>19,I15<51),AND(K15>1,K15<6,I15>0,I15<20)),"Simples",IF(OR(AND(OR(K15=1,K15=0),I15>50),AND(K15>1,K15<6,I15>19,I15<51),AND(K15>5,I15>0,I15<20)),"Médio",IF(OR(AND(K15>1,K15<6,I15>50),AND(K15>5,I15>19,I15<51),AND(K15>5,I15>50)),"Complexo",""))), IF(G15="AIE",IF(OR(AND(OR(K15=1, K15=0),I15>0,I15<20),AND(OR(K15=1, K15=0),I15>19,I15<51),AND(K15>1,K15<6,I15>0,I15<20)),"Simples",IF(OR(AND(OR(K15=1, K15=0),I15>50),AND(K15>1,K15<6,I15>19,I15<51),AND(K15>5,I15>0,I15<20)),"Médio",IF(OR(AND(K15>1,K15<6,I15>50),AND(K15>5,I15>19,I15<51),AND(K15>5,I15>50)),"Complexo",""))),"")) | O15: =IF(M15="",N15,IF(N15="",M15,"")) -> Médio | P15: =IF(AND(OR(G15="EE",G15="CE"),O15="Simples"),3, IF(AND(OR(G15="EE",G15="CE"),O15="Médio"),4, IF(AND(OR(G15="EE",G15="CE"),O15="Complexo"),6, IF(AND(G15="SE",O15="Simples"),4, IF(AND(G15="SE",O15="Médio"),5, IF(AND(G15="SE",O15="Complexo"),7,0)))))) -> 5 | Q15: =IF(AND(G15="ALI",N15="Simples"),7, IF(AND(G15="ALI",N15="Médio"),10, IF(AND(G15="ALI",N15="Complexo"),15, IF(AND(G15="AIE",N15="Simples"),5, IF(AND(G15="AIE",N15="Médio"),7, IF(AND(G15="AIE",N15="Complexo"),10,0)))))) -> 0 | R15: =IF(G15="INM",C15*H15,IF(AND(OR(G15="EE",G15="CE"),O15="Simples"),3, IF(AND(OR(G15="EE",G15="CE"),O15="Médio"),4, IF(AND(OR(G15="EE",G15="CE"),O15="Complexo"),6, IF(AND(G15="SE",O15="Simples"),4, IF(AND(G15="SE",O15="Médio"),5, IF(AND(G15="SE",O15="Complexo"),7, IF(AND(G15="ALI",O15="Médio"),10, IF(AND(G15="ALI",O15="Simples"),7, IF(AND(G15="ALI",O15="Complexo"),15, IF(AND(G15="AIE",O15="Simples"),5, IF(AND(G15="AIE",O15="Médio"),7, IF(AND(G15="AIE",O15="Complexo"),10,0)) ))))))))))) -> 5 | S15: =IF(G15="INM",C15*H15,IF(B15<>"Manutenção em interface",IF(B15<>"Desenv., Manutenção e Publicação de Páginas Estáticas",(P15+Q15)*C15,C15),C15)) -> 5 | T15: PDTIC25093-16 | Y15: =IF(X15<>"",VLOOKUP(X15,'Tipo Projeto'!$A$3:$B$44,2,0),0) -> 0 | AE15: =IF(Z15="EE",IF(OR(AND(OR(AC15=1,AC15=0),AA15>0,AA15<5),AND(OR(AC15=1,AC15=0),AA15>4,AA15<16),AND(AC15=2,AA15>0,AA15<5)),"Simples",IF(OR(AND(OR(AC15=1,AC15=0),AA15>15),AND(AC15=2,AA15>4,AA15<16),AND(AC15>2,AA15>0,AA15<5)),"Médio",IF(OR(AND(AC15=2,AA15>15),AND(AC15>2,AA15>4,AA15<16),AND(AC15>2,AA15>15)),"Complexo",""))), IF(OR(Z15="CE",Z15="SE"),IF(OR(AND(OR(AC15=1,AC15=0),AA15>0,AA15<6),AND(OR(AC15=1,AC15=0),AA15>5,AA15<20),AND(AC15>1,AC15<4,AA15>0,AA15<6)),"Simples",IF(OR(AND(OR(AC15=1,AC15=0),AA15>19),AND(AC15>1,AC15<4,AA15>5,AA15<20),AND(AC15>3,AA15>0,AA15<6)),"Médio",IF(OR(AND(AC15>1,AC15<4,AA15>19),AND(AC15>3,AA15>5,AA15<20),AND(AC15>3,AA15>19)),"Complexo",""))),"")) | AF15: =IF(Z15="ALI",IF(OR(AND(OR(AC15=1,AC15=0),AA15>0,AA15<20),AND(OR(AC15=1,AC15=0),AA15>19,AA15<51),AND(AC15>1,AC15<6,AA15>0,AA15<20)),"Simples",IF(OR(AND(OR(AC15=1,AC15=0),AA15>50),AND(AC15>1,AC15<6,AA15>19,AA15<51),AND(AC15>5,AA15>0,AA15<20)),"Médio",IF(OR(AND(AC15>1,AC15<6,AA15>50),AND(AC15>5,AA15>19,AA15<51),AND(AC15>5,AA15>50)),"Complexo",""))), IF(Z15="AIE",IF(OR(AND(OR(AC15=1, AC15=0),AA15>0,AA15<20),AND(OR(AC15=1, AC15=0),AA15>19,AA15<51),AND(AC15>1,AC15<6,AA15>0,AA15<20)),"Simples",IF(OR(AND(OR(AC15=1, AC15=0),AA15>50),AND(AC15>1,AC15<6,AA15>19,AA15<51),AND(AC15>5,AA15>0,AA15<20)),"Médio",IF(OR(AND(AC15>1,AC15<6,AA15>50),AND(AC15>5,AA15>19,AA15<51),AND(AC15>5,AA15>50)),"Complexo",""))),"")) | AG15: =IF(AE15="",AF15,IF(AF15="",AE15,"")) | AH15: =IF(AND(OR(Z15="EE",Z15="CE"),AG15="Simples"),3, IF(AND(OR(Z15="EE",Z15="CE"),AG15="Médio"),4, IF(AND(OR(Z15="EE",Z15="CE"),AG15="Complexo"),6, IF(AND(Z15="SE",AG15="Simples"),4, IF(AND(Z15="SE",AG15="Médio"),5, IF(AND(Z15="SE",AG15="Complexo"),7,0)))))) -> 0 | AI15: =IF(AND(Z15="ALI",AF15="Simples"),7, IF(AND(Z15="ALI",AF15="Médio"),10, IF(AND(Z15="ALI",AF15="Complexo"),15, IF(AND(Z15="AIE",AF15="Simples"),5, IF(AND(Z15="AIE",AF15="Médio"),7, IF(AND(Z15="AIE",AF15="Complexo"),10,0)))))) -> 0 | AJ15: =IF(W15="OK",S15,( IF(X15<>"Manutenção em interface",IF(X15<>"Desenv., Manutenção e Publicação de Páginas Estáticas",(AH15+AI15)*Y15,Y15),Y15))) -> 0 | AP15: =IF(AJ15=0,"",IF(AJ15=S15,"OK","Divergente"))
B16: Guia de Métricas da STI - Aplicação/Desenvolvimento | C16: =IF(B16<>"",VLOOKUP(B16,'Tipo Projeto'!$A$3:$B$44,2,0),0) -> 1 | D16: Categoria | F16: Incluir Categoria | G16: EE | I16: 4 | J16: Nome Descrição Ação Mensagem | K16: 1 | L16: Categoria Premiação | M16: =IF(G16="EE",IF(OR(AND(OR(K16=1,K16=0),I16>0,I16<5),AND(OR(K16=1,K16=0),I16>4,I16<16),AND(K16=2,I16>0,I16<5)),"Simples",IF(OR(AND(OR(K16=1,K16=0),I16>15),AND(K16=2,I16>4,I16<16),AND(K16>2,I16>0,I16<5)),"Médio",IF(OR(AND(K16=2,I16>15),AND(K16>2,I16>4,I16<16),AND(K16>2,I16>15)),"Complexo",""))), IF(OR(G16="CE",G16="SE"),IF(OR(AND(OR(K16=1,K16=0),I16>0,I16<6),AND(OR(K16=1,K16=0),I16>5,I16<20),AND(K16>1,K16<4,I16>0,I16<6)),"Simples",IF(OR(AND(OR(K16=1,K16=0),I16>19),AND(K16>1,K16<4,I16>5,I16<20),AND(K16>3,I16>0,I16<6)),"Médio",IF(OR(AND(K16>1,K16<4,I16>19),AND(K16>3,I16>5,I16<20),AND(K16>3,I16>19)),"Complexo",""))),"")) -> Simples | N16: =IF(G16="ALI",IF(OR(AND(OR(K16=1,K16=0),I16>0,I16<20),AND(OR(K16=1,K16=0),I16>19,I16<51),AND(K16>1,K16<6,I16>0,I16<20)),"Simples",IF(OR(AND(OR(K16=1,K16=0),I16>50),AND(K16>1,K16<6,I16>19,I16<51),AND(K16>5,I16>0,I16<20)),"Médio",IF(OR(AND(K16>1,K16<6,I16>50),AND(K16>5,I16>19,I16<51),AND(K16>5,I16>50)),"Complexo",""))), IF(G16="AIE",IF(OR(AND(OR(K16=1, K16=0),I16>0,I16<20),AND(OR(K16=1, K16=0),I16>19,I16<51),AND(K16>1,K16<6,I16>0,I16<20)),"Simples",IF(OR(AND(OR(K16=1, K16=0),I16>50),AND(K16>1,K16<6,I16>19,I16<51),AND(K16>5,I16>0,I16<20)),"Médio",IF(OR(AND(K16>1,K16<6,I16>50),AND(K16>5,I16>19,I16<51),AND(K16>5,I16>50)),"Complexo",""))),"")) | O16: =IF(M16="",N16,IF(N16="",M16,"")) -> Simples | P16: =IF(AND(OR(G16="EE",G16="CE"),O16="Simples"),3, IF(AND(OR(G16="EE",G16="CE"),O16="Médio"),4, IF(AND(OR(G16="EE",G16="CE"),O16="Complexo"),6, IF(AND(G16="SE",O16="Simples"),4, IF(AND(G16="SE",O16="Médio"),5, IF(AND(G16="SE",O16="Complexo"),7,0)))))) -> 3 | Q16: =IF(AND(G16="ALI",N16="Simples"),7, IF(AND(G16="ALI",N16="Médio"),10, IF(AND(G16="ALI",N16="Complexo"),15, IF(AND(G16="AIE",N16="Simples"),5, IF(AND(G16="AIE",N16="Médio"),7, IF(AND(G16="AIE",N16="Complexo"),10,0)))))) -> 0 | R16: =IF(G16="INM",C16*H16,IF(AND(OR(G16="EE",G16="CE"),O16="Simples"),3, IF(AND(OR(G16="EE",G16="CE"),O16="Médio"),4, IF(AND(OR(G16="EE",G16="CE"),O16="Complexo"),6, IF(AND(G16="SE",O16="Simples"),4, IF(AND(G16="SE",O16="Médio"),5, IF(AND(G16="SE",O16="Complexo"),7, IF(AND(G16="ALI",O16="Médio"),10, IF(AND(G16="ALI",O16="Simples"),7, IF(AND(G16="ALI",O16="Complexo"),15, IF(AND(G16="AIE",O16="Simples"),5, IF(AND(G16="AIE",O16="Médio"),7, IF(AND(G16="AIE",O16="Complexo"),10,0)) ))))))))))) -> 3 | S16: =IF(G16="INM",C16*H16,IF(B16<>"Manutenção em interface",IF(B16<>"Desenv., Manutenção e Publicação de Páginas Estáticas",(P16+Q16)*C16,C16),C16)) -> 3 | T16: PDTIC25093-16 | Y16: =IF(X16<>"",VLOOKUP(X16,'Tipo Projeto'!$A$3:$B$44,2,0),0) -> 0 | AE16: =IF(Z16="EE",IF(OR(AND(OR(AC16=1,AC16=0),AA16>0,AA16<5),AND(OR(AC16=1,AC16=0),AA16>4,AA16<16),AND(AC16=2,AA16>0,AA16<5)),"Simples",IF(OR(AND(OR(AC16=1,AC16=0),AA16>15),AND(AC16=2,AA16>4,AA16<16),AND(AC16>2,AA16>0,AA16<5)),"Médio",IF(OR(AND(AC16=2,AA16>15),AND(AC16>2,AA16>4,AA16<16),AND(AC16>2,AA16>15)),"Complexo",""))), IF(OR(Z16="CE",Z16="SE"),IF(OR(AND(OR(AC16=1,AC16=0),AA16>0,AA16<6),AND(OR(AC16=1,AC16=0),AA16>5,AA16<20),AND(AC16>1,AC16<4,AA16>0,AA16<6)),"Simples",IF(OR(AND(OR(AC16=1,AC16=0),AA16>19),AND(AC16>1,AC16<4,AA16>5,AA16<20),AND(AC16>3,AA16>0,AA16<6)),"Médio",IF(OR(AND(AC16>1,AC16<4,AA16>19),AND(AC16>3,AA16>5,AA16<20),AND(AC16>3,AA16>19)),"Complexo",""))),"")) | AF16: =IF(Z16="ALI",IF(OR(AND(OR(AC16=1,AC16=0),AA16>0,AA16<20),AND(OR(AC16=1,AC16=0),AA16>19,AA16<51),AND(AC16>1,AC16<6,AA16>0,AA16<20)),"Simples",IF(OR(AND(OR(AC16=1,AC16=0),AA16>50),AND(AC16>1,AC16<6,AA16>19,AA16<51),AND(AC16>5,AA16>0,AA16<20)),"Médio",IF(OR(AND(AC16>1,AC16<6,AA16>50),AND(AC16>5,AA16>19,AA16<51),AND(AC16>5,AA16>50)),"Complexo",""))), IF(Z16="AIE",IF(OR(AND(OR(AC16=1, AC16=0),AA16>0,AA16<20),AND(OR(AC16=1, AC16=0),AA16>19,AA16<51),AND(AC16>1,AC16<6,AA16>0,AA16<20)),"Simples",IF(OR(AND(OR(AC16=1, AC16=0),AA16>50),AND(AC16>1,AC16<6,AA16>19,AA16<51),AND(AC16>5,AA16>0,AA16<20)),"Médio",IF(OR(AND(AC16>1,AC16<6,AA16>50),AND(AC16>5,AA16>19,AA16<51),AND(AC16>5,AA16>50)),"Complexo",""))),"")) | AG16: =IF(AE16="",AF16,IF(AF16="",AE16,"")) | AH16: =IF(AND(OR(Z16="EE",Z16="CE"),AG16="Simples"),3, IF(AND(OR(Z16="EE",Z16="CE"),AG16="Médio"),4, IF(AND(OR(Z16="EE",Z16="CE"),AG16="Complexo"),6, IF(AND(Z16="SE",AG16="Simples"),4, IF(AND(Z16="SE",AG16="Médio"),5, IF(AND(Z16="SE",AG16="Complexo"),7,0)))))) -> 0 | AI16: =IF(AND(Z16="ALI",AF16="Simples"),7, IF(AND(Z16="ALI",AF16="Médio"),10, IF(AND(Z16="ALI",AF16="Complexo"),15, IF(AND(Z16="AIE",AF16="Simples"),5, IF(AND(Z16="AIE",AF16="Médio"),7, IF(AND(Z16="AIE",AF16="Complexo"),10,0)))))) -> 0 | AJ16: =IF(W16="OK",S16,( IF(X16<>"Manutenção em interface",IF(X16<>"Desenv., Manutenção e Publicação de Páginas Estáticas",(AH16+AI16)*Y16,Y16),Y16))) -> 0 | AP16: =IF(AJ16=0,"",IF(AJ16=S16,"OK","Divergente"))
B17: Guia de Métricas da STI - Aplicação/Desenvolvimento | C17: =IF(B17<>"",VLOOKUP(B17,'Tipo Projeto'!$A$3:$B$44,2,0),0) -> 1 | D17: Categoria | F17: Consultar Categoria (implícita) | G17: SE | I17: 6 | J17: Nome Descrição Premiação Id do Vinculo Situação Ação | K17: 2 | L17: Categoria Premiação | M17: =IF(G17="EE",IF(OR(AND(OR(K17=1,K17=0),I17>0,I17<5),AND(OR(K17=1,K17=0),I17>4,I17<16),AND(K17=2,I17>0,I17<5)),"Simples",IF(OR(AND(OR(K17=1,K17=0),I17>15),AND(K17=2,I17>4,I17<16),AND(K17>2,I17>0,I17<5)),"Médio",IF(OR(AND(K17=2,I17>15),AND(K17>2,I17>4,I17<16),AND(K17>2,I17>15)),"Complexo",""))), IF(OR(G17="CE",G17="SE"),IF(OR(AND(OR(K17=1,K17=0),I17>0,I17<6),AND(OR(K17=1,K17=0),I17>5,I17<20),AND(K17>1,K17<4,I17>0,I17<6)),"Simples",IF(OR(AND(OR(K17=1,K17=0),I17>19),AND(K17>1,K17<4,I17>5,I17<20),AND(K17>3,I17>0,I17<6)),"Médio",IF(OR(AND(K17>1,K17<4,I17>19),AND(K17>3,I17>5,I17<20),AND(K17>3,I17>19)),"Complexo",""))),"")) -> Médio | N17: =IF(G17="ALI",IF(OR(AND(OR(K17=1,K17=0),I17>0,I17<20),AND(OR(K17=1,K17=0),I17>19,I17<51),AND(K17>1,K17<6,I17>0,I17<20)),"Simples",IF(OR(AND(OR(K17=1,K17=0),I17>50),AND(K17>1,K17<6,I17>19,I17<51),AND(K17>5,I17>0,I17<20)),"Médio",IF(OR(AND(K17>1,K17<6,I17>50),AND(K17>5,I17>19,I17<51),AND(K17>5,I17>50)),"Complexo",""))), IF(G17="AIE",IF(OR(AND(OR(K17=1, K17=0),I17>0,I17<20),AND(OR(K17=1, K17=0),I17>19,I17<51),AND(K17>1,K17<6,I17>0,I17<20)),"Simples",IF(OR(AND(OR(K17=1, K17=0),I17>50),AND(K17>1,K17<6,I17>19,I17<51),AND(K17>5,I17>0,I17<20)),"Médio",IF(OR(AND(K17>1,K17<6,I17>50),AND(K17>5,I17>19,I17<51),AND(K17>5,I17>50)),"Complexo",""))),"")) | O17: =IF(M17="",N17,IF(N17="",M17,"")) -> Médio | P17: =IF(AND(OR(G17="EE",G17="CE"),O17="Simples"),3, IF(AND(OR(G17="EE",G17="CE"),O17="Médio"),4, IF(AND(OR(G17="EE",G17="CE"),O17="Complexo"),6, IF(AND(G17="SE",O17="Simples"),4, IF(AND(G17="SE",O17="Médio"),5, IF(AND(G17="SE",O17="Complexo"),7,0)))))) -> 5 | Q17: =IF(AND(G17="ALI",N17="Simples"),7, IF(AND(G17="ALI",N17="Médio"),10, IF(AND(G17="ALI",N17="Complexo"),15, IF(AND(G17="AIE",N17="Simples"),5, IF(AND(G17="AIE",N17="Médio"),7, IF(AND(G17="AIE",N17="Complexo"),10,0)))))) -> 0 | R17: =IF(G17="INM",C17*H17,IF(AND(OR(G17="EE",G17="CE"),O17="Simples"),3, IF(AND(OR(G17="EE",G17="CE"),O17="Médio"),4, IF(AND(OR(G17="EE",G17="CE"),O17="Complexo"),6, IF(AND(G17="SE",O17="Simples"),4, IF(AND(G17="SE",O17="Médio"),5, IF(AND(G17="SE",O17="Complexo"),7, IF(AND(G17="ALI",O17="Médio"),10, IF(AND(G17="ALI",O17="Simples"),7, IF(AND(G17="ALI",O17="Complexo"),15, IF(AND(G17="AIE",O17="Simples"),5, IF(AND(G17="AIE",O17="Médio"),7, IF(AND(G17="AIE",O17="Complexo"),10,0)) ))))))))))) -> 5 | S17: =IF(G17="INM",C17*H17,IF(B17<>"Manutenção em interface",IF(B17<>"Desenv., Manutenção e Publicação de Páginas Estáticas",(P17+Q17)*C17,C17),C17)) -> 5 | T17: PDTIC25093-16 | Y17: =IF(X17<>"",VLOOKUP(X17,'Tipo Projeto'!$A$3:$B$44,2,0),0) -> 0 | AE17: =IF(Z17="EE",IF(OR(AND(OR(AC17=1,AC17=0),AA17>0,AA17<5),AND(OR(AC17=1,AC17=0),AA17>4,AA17<16),AND(AC17=2,AA17>0,AA17<5)),"Simples",IF(OR(AND(OR(AC17=1,AC17=0),AA17>15),AND(AC17=2,AA17>4,AA17<16),AND(AC17>2,AA17>0,AA17<5)),"Médio",IF(OR(AND(AC17=2,AA17>15),AND(AC17>2,AA17>4,AA17<16),AND(AC17>2,AA17>15)),"Complexo",""))), IF(OR(Z17="CE",Z17="SE"),IF(OR(AND(OR(AC17=1,AC17=0),AA17>0,AA17<6),AND(OR(AC17=1,AC17=0),AA17>5,AA17<20),AND(AC17>1,AC17<4,AA17>0,AA17<6)),"Simples",IF(OR(AND(OR(AC17=1,AC17=0),AA17>19),AND(AC17>1,AC17<4,AA17>5,AA17<20),AND(AC17>3,AA17>0,AA17<6)),"Médio",IF(OR(AND(AC17>1,AC17<4,AA17>19),AND(AC17>3,AA17>5,AA17<20),AND(AC17>3,AA17>19)),"Complexo",""))),"")) | AF17: =IF(Z17="ALI",IF(OR(AND(OR(AC17=1,AC17=0),AA17>0,AA17<20),AND(OR(AC17=1,AC17=0),AA17>19,AA17<51),AND(AC17>1,AC17<6,AA17>0,AA17<20)),"Simples",IF(OR(AND(OR(AC17=1,AC17=0),AA17>50),AND(AC17>1,AC17<6,AA17>19,AA17<51),AND(AC17>5,AA17>0,AA17<20)),"Médio",IF(OR(AND(AC17>1,AC17<6,AA17>50),AND(AC17>5,AA17>19,AA17<51),AND(AC17>5,AA17>50)),"Complexo",""))), IF(Z17="AIE",IF(OR(AND(OR(AC17=1, AC17=0),AA17>0,AA17<20),AND(OR(AC17=1, AC17=0),AA17>19,AA17<51),AND(AC17>1,AC17<6,AA17>0,AA17<20)),"Simples",IF(OR(AND(OR(AC17=1, AC17=0),AA17>50),AND(AC17>1,AC17<6,AA17>19,AA17<51),AND(AC17>5,AA17>0,AA17<20)),"Médio",IF(OR(AND(AC17>1,AC17<6,AA17>50),AND(AC17>5,AA17>19,AA17<51),AND(AC17>5,AA17>50)),"Complexo",""))),"")) | AG17: =IF(AE17="",AF17,IF(AF17="",AE17,"")) | AH17: =IF(AND(OR(Z17="EE",Z17="CE"),AG17="Simples"),3, IF(AND(OR(Z17="EE",Z17="CE"),AG17="Médio"),4, IF(AND(OR(Z17="EE",Z17="CE"),AG17="Complexo"),6, IF(AND(Z17="SE",AG17="Simples"),4, IF(AND(Z17="SE",AG17="Médio"),5, IF(AND(Z17="SE",AG17="Complexo"),7,0)))))) -> 0 | AI17: =IF(AND(Z17="ALI",AF17="Simples"),7, IF(AND(Z17="ALI",AF17="Médio"),10, IF(AND(Z17="ALI",AF17="Complexo"),15, IF(AND(Z17="AIE",AF17="Simples"),5, IF(AND(Z17="AIE",AF17="Médio"),7, IF(AND(Z17="AIE",AF17="Complexo"),10,0)))))) -> 0 | AJ17: =IF(W17="OK",S17,( IF(X17<>"Manutenção em interface",IF(X17<>"Desenv., Manutenção e Publicação de Páginas Estáticas",(AH17+AI17)*Y17,Y17),Y17))) -> 0 | AP17: =IF(AJ17=0,"",IF(AJ17=S17,"OK","Divergente"))
B18: Guia de Métricas da STI - Aplicação/Desenvolvimento | C18: =IF(B18<>"",VLOOKUP(B18,'Tipo Projeto'!$A$3:$B$44,2,0),0) -> 1 | D18: Categoria | F18: Editar Categoria | G18: EE | I18: 4 | J18: Nome Descrição Ação Mensagem | K18: 1 | L18: Categoria Premiação | M18: =IF(G18="EE",IF(OR(AND(OR(K18=1,K18=0),I18>0,I18<5),AND(OR(K18=1,K18=0),I18>4,I18<16),AND(K18=2,I18>0,I18<5)),"Simples",IF(OR(AND(OR(K18=1,K18=0),I18>15),AND(K18=2,I18>4,I18<16),AND(K18>2,I18>0,I18<5)),"Médio",IF(OR(AND(K18=2,I18>15),AND(K18>2,I18>4,I18<16),AND(K18>2,I18>15)),"Complexo",""))), IF(OR(G18="CE",G18="SE"),IF(OR(AND(OR(K18=1,K18=0),I18>0,I18<6),AND(OR(K18=1,K18=0),I18>5,I18<20),AND(K18>1,K18<4,I18>0,I18<6)),"Simples",IF(OR(AND(OR(K18=1,K18=0),I18>19),AND(K18>1,K18<4,I18>5,I18<20),AND(K18>3,I18>0,I18<6)),"Médio",IF(OR(AND(K18>1,K18<4,I18>19),AND(K18>3,I18>5,I18<20),AND(K18>3,I18>19)),"Complexo",""))),"")) -> Simples | N18: =IF(G18="ALI",IF(OR(AND(OR(K18=1,K18=0),I18>0,I18<20),AND(OR(K18=1,K18=0),I18>19,I18<51),AND(K18>1,K18<6,I18>0,I18<20)),"Simples",IF(OR(AND(OR(K18=1,K18=0),I18>50),AND(K18>1,K18<6,I18>19,I18<51),AND(K18>5,I18>0,I18<20)),"Médio",IF(OR(AND(K18>1,K18<6,I18>50),AND(K18>5,I18>19,I18<51),AND(K18>5,I18>50)),"Complexo",""))), IF(G18="AIE",IF(OR(AND(OR(K18=1, K18=0),I18>0,I18<20),AND(OR(K18=1, K18=0),I18>19,I18<51),AND(K18>1,K18<6,I18>0,I18<20)),"Simples",IF(OR(AND(OR(K18=1, K18=0),I18>50),AND(K18>1,K18<6,I18>19,I18<51),AND(K18>5,I18>0,I18<20)),"Médio",IF(OR(AND(K18>1,K18<6,I18>50),AND(K18>5,I18>19,I18<51),AND(K18>5,I18>50)),"Complexo",""))),"")) | O18: =IF(M18="",N18,IF(N18="",M18,"")) -> Simples | P18: =IF(AND(OR(G18="EE",G18="CE"),O18="Simples"),3, IF(AND(OR(G18="EE",G18="CE"),O18="Médio"),4, IF(AND(OR(G18="EE",G18="CE"),O18="Complexo"),6, IF(AND(G18="SE",O18="Simples"),4, IF(AND(G18="SE",O18="Médio"),5, IF(AND(G18="SE",O18="Complexo"),7,0)))))) -> 3 | Q18: =IF(AND(G18="ALI",N18="Simples"),7, IF(AND(G18="ALI",N18="Médio"),10, IF(AND(G18="ALI",N18="Complexo"),15, IF(AND(G18="AIE",N18="Simples"),5, IF(AND(G18="AIE",N18="Médio"),7, IF(AND(G18="AIE",N18="Complexo"),10,0)))))) -> 0 | R18: =IF(G18="INM",C18*H18,IF(AND(OR(G18="EE",G18="CE"),O18="Simples"),3, IF(AND(OR(G18="EE",G18="CE"),O18="Médio"),4, IF(AND(OR(G18="EE",G18="CE"),O18="Complexo"),6, IF(AND(G18="SE",O18="Simples"),4, IF(AND(G18="SE",O18="Médio"),5, IF(AND(G18="SE",O18="Complexo"),7, IF(AND(G18="ALI",O18="Médio"),10, IF(AND(G18="ALI",O18="Simples"),7, IF(AND(G18="ALI",O18="Complexo"),15, IF(AND(G18="AIE",O18="Simples"),5, IF(AND(G18="AIE",O18="Médio"),7, IF(AND(G18="AIE",O18="Complexo"),10,0)) ))))))))))) -> 3 | S18: =IF(G18="INM",C18*H18,IF(B18<>"Manutenção em interface",IF(B18<>"Desenv., Manutenção e Publicação de Páginas Estáticas",(P18+Q18)*C18,C18),C18)) -> 3 | T18: PDTIC25093-16 | Y18: =IF(X18<>"",VLOOKUP(X18,'Tipo Projeto'!$A$3:$B$44,2,0),0) -> 0 | AE18: =IF(Z18="EE",IF(OR(AND(OR(AC18=1,AC18=0),AA18>0,AA18<5),AND(OR(AC18=1,AC18=0),AA18>4,AA18<16),AND(AC18=2,AA18>0,AA18<5)),"Simples",IF(OR(AND(OR(AC18=1,AC18=0),AA18>15),AND(AC18=2,AA18>4,AA18<16),AND(AC18>2,AA18>0,AA18<5)),"Médio",IF(OR(AND(AC18=2,AA18>15),AND(AC18>2,AA18>4,AA18<16),AND(AC18>2,AA18>15)),"Complexo",""))), IF(OR(Z18="CE",Z18="SE"),IF(OR(AND(OR(AC18=1,AC18=0),AA18>0,AA18<6),AND(OR(AC18=1,AC18=0),AA18>5,AA18<20),AND(AC18>1,AC18<4,AA18>0,AA18<6)),"Simples",IF(OR(AND(OR(AC18=1,AC18=0),AA18>19),AND(AC18>1,AC18<4,AA18>5,AA18<20),AND(AC18>3,AA18>0,AA18<6)),"Médio",IF(OR(AND(AC18>1,AC18<4,AA18>19),AND(AC18>3,AA18>5,AA18<20),AND(AC18>3,AA18>19)),"Complexo",""))),"")) | AF18: =IF(Z18="ALI",IF(OR(AND(OR(AC18=1,AC18=0),AA18>0,AA18<20),AND(OR(AC18=1,AC18=0),AA18>19,AA18<51),AND(AC18>1,AC18<6,AA18>0,AA18<20)),"Simples",IF(OR(AND(OR(AC18=1,AC18=0),AA18>50),AND(AC18>1,AC18<6,AA18>19,AA18<51),AND(AC18>5,AA18>0,AA18<20)),"Médio",IF(OR(AND(AC18>1,AC18<6,AA18>50),AND(AC18>5,AA18>19,AA18<51),AND(AC18>5,AA18>50)),"Complexo",""))), IF(Z18="AIE",IF(OR(AND(OR(AC18=1, AC18=0),AA18>0,AA18<20),AND(OR(AC18=1, AC18=0),AA18>19,AA18<51),AND(AC18>1,AC18<6,AA18>0,AA18<20)),"Simples",IF(OR(AND(OR(AC18=1, AC18=0),AA18>50),AND(AC18>1,AC18<6,AA18>19,AA18<51),AND(AC18>5,AA18>0,AA18<20)),"Médio",IF(OR(AND(AC18>1,AC18<6,AA18>50),AND(AC18>5,AA18>19,AA18<51),AND(AC18>5,AA18>50)),"Complexo",""))),"")) | AG18: =IF(AE18="",AF18,IF(AF18="",AE18,"")) | AH18: =IF(AND(OR(Z18="EE",Z18="CE"),AG18="Simples"),3, IF(AND(OR(Z18="EE",Z18="CE"),AG18="Médio"),4, IF(AND(OR(Z18="EE",Z18="CE"),AG18="Complexo"),6, IF(AND(Z18="SE",AG18="Simples"),4, IF(AND(Z18="SE",AG18="Médio"),5, IF(AND(Z18="SE",AG18="Complexo"),7,0)))))) -> 0 | AI18: =IF(AND(Z18="ALI",AF18="Simples"),7, IF(AND(Z18="ALI",AF18="Médio"),10, IF(AND(Z18="ALI",AF18="Complexo"),15, IF(AND(Z18="AIE",AF18="Simples"),5, IF(AND(Z18="AIE",AF18="Médio"),7, IF(AND(Z18="AIE",AF18="Complexo"),10,0)))))) -> 0 | AJ18: =IF(W18="OK",S18,( IF(X18<>"Manutenção em interface",IF(X18<>"Desenv., Manutenção e Publicação de Páginas Estáticas",(AH18+AI18)*Y18,Y18),Y18))) -> 0 | AP18: =IF(AJ18=0,"",IF(AJ18=S18,"OK","Divergente"))
B19: Guia de Métricas da STI - Aplicação/Desenvolvimento | C19: =IF(B19<>"",VLOOKUP(B19,'Tipo Projeto'!$A$3:$B$44,2,0),0) -> 1 | D19: Categoria | F19: Detalhar Categoria | G19: SE | M19: =IF(G19="EE",IF(OR(AND(OR(K19=1,K19=0),I19>0,I19<5),AND(OR(K19=1,K19=0),I19>4,I19<16),AND(K19=2,I19>0,I19<5)),"Simples",IF(OR(AND(OR(K19=1,K19=0),I19>15),AND(K19=2,I19>4,I19<16),AND(K19>2,I19>0,I19<5)),"Médio",IF(OR(AND(K19=2,I19>15),AND(K19>2,I19>4,I19<16),AND(K19>2,I19>15)),"Complexo",""))), IF(OR(G19="CE",G19="SE"),IF(OR(AND(OR(K19=1,K19=0),I19>0,I19<6),AND(OR(K19=1,K19=0),I19>5,I19<20),AND(K19>1,K19<4,I19>0,I19<6)),"Simples",IF(OR(AND(OR(K19=1,K19=0),I19>19),AND(K19>1,K19<4,I19>5,I19<20),AND(K19>3,I19>0,I19<6)),"Médio",IF(OR(AND(K19>1,K19<4,I19>19),AND(K19>3,I19>5,I19<20),AND(K19>3,I19>19)),"Complexo",""))),"")) | N19: =IF(G19="ALI",IF(OR(AND(OR(K19=1,K19=0),I19>0,I19<20),AND(OR(K19=1,K19=0),I19>19,I19<51),AND(K19>1,K19<6,I19>0,I19<20)),"Simples",IF(OR(AND(OR(K19=1,K19=0),I19>50),AND(K19>1,K19<6,I19>19,I19<51),AND(K19>5,I19>0,I19<20)),"Médio",IF(OR(AND(K19>1,K19<6,I19>50),AND(K19>5,I19>19,I19<51),AND(K19>5,I19>50)),"Complexo",""))), IF(G19="AIE",IF(OR(AND(OR(K19=1, K19=0),I19>0,I19<20),AND(OR(K19=1, K19=0),I19>19,I19<51),AND(K19>1,K19<6,I19>0,I19<20)),"Simples",IF(OR(AND(OR(K19=1, K19=0),I19>50),AND(K19>1,K19<6,I19>19,I19<51),AND(K19>5,I19>0,I19<20)),"Médio",IF(OR(AND(K19>1,K19<6,I19>50),AND(K19>5,I19>19,I19<51),AND(K19>5,I19>50)),"Complexo",""))),"")) | O19: =IF(M19="",N19,IF(N19="",M19,"")) | P19: =IF(AND(OR(G19="EE",G19="CE"),O19="Simples"),3, IF(AND(OR(G19="EE",G19="CE"),O19="Médio"),4, IF(AND(OR(G19="EE",G19="CE"),O19="Complexo"),6, IF(AND(G19="SE",O19="Simples"),4, IF(AND(G19="SE",O19="Médio"),5, IF(AND(G19="SE",O19="Complexo"),7,0)))))) -> 0 | Q19: =IF(AND(G19="ALI",N19="Simples"),7, IF(AND(G19="ALI",N19="Médio"),10, IF(AND(G19="ALI",N19="Complexo"),15, IF(AND(G19="AIE",N19="Simples"),5, IF(AND(G19="AIE",N19="Médio"),7, IF(AND(G19="AIE",N19="Complexo"),10,0)))))) -> 0 | R19: =IF(G19="INM",C19*H19,IF(AND(OR(G19="EE",G19="CE"),O19="Simples"),3, IF(AND(OR(G19="EE",G19="CE"),O19="Médio"),4, IF(AND(OR(G19="EE",G19="CE"),O19="Complexo"),6, IF(AND(G19="SE",O19="Simples"),4, IF(AND(G19="SE",O19="Médio"),5, IF(AND(G19="SE",O19="Complexo"),7, IF(AND(G19="ALI",O19="Médio"),10, IF(AND(G19="ALI",O19="Simples"),7, IF(AND(G19="ALI",O19="Complexo"),15, IF(AND(G19="AIE",O19="Simples"),5, IF(AND(G19="AIE",O19="Médio"),7, IF(AND(G19="AIE",O19="Complexo"),10,0)) ))))))))))) -> 0 | S19: =IF(G19="INM",C19*H19,IF(B19<>"Manutenção em interface",IF(B19<>"Desenv., Manutenção e Publicação de Páginas Estáticas",(P19+Q19)*C19,C19),C19)) -> 0 | T19: PDTIC25093-16 | U19: Mesmo PE que o Consultar Categoria (implícita) | Y19: =IF(X19<>"",VLOOKUP(X19,'Tipo Projeto'!$A$3:$B$44,2,0),0) -> 0 | AE19: =IF(Z19="EE",IF(OR(AND(OR(AC19=1,AC19=0),AA19>0,AA19<5),AND(OR(AC19=1,AC19=0),AA19>4,AA19<16),AND(AC19=2,AA19>0,AA19<5)),"Simples",IF(OR(AND(OR(AC19=1,AC19=0),AA19>15),AND(AC19=2,AA19>4,AA19<16),AND(AC19>2,AA19>0,AA19<5)),"Médio",IF(OR(AND(AC19=2,AA19>15),AND(AC19>2,AA19>4,AA19<16),AND(AC19>2,AA19>15)),"Complexo",""))), IF(OR(Z19="CE",Z19="SE"),IF(OR(AND(OR(AC19=1,AC19=0),AA19>0,AA19<6),AND(OR(AC19=1,AC19=0),AA19>5,AA19<20),AND(AC19>1,AC19<4,AA19>0,AA19<6)),"Simples",IF(OR(AND(OR(AC19=1,AC19=0),AA19>19),AND(AC19>1,AC19<4,AA19>5,AA19<20),AND(AC19>3,AA19>0,AA19<6)),"Médio",IF(OR(AND(AC19>1,AC19<4,AA19>19),AND(AC19>3,AA19>5,AA19<20),AND(AC19>3,AA19>19)),"Complexo",""))),"")) | AF19: =IF(Z19="ALI",IF(OR(AND(OR(AC19=1,AC19=0),AA19>0,AA19<20),AND(OR(AC19=1,AC19=0),AA19>19,AA19<51),AND(AC19>1,AC19<6,AA19>0,AA19<20)),"Simples",IF(OR(AND(OR(AC19=1,AC19=0),AA19>50),AND(AC19>1,AC19<6,AA19>19,AA19<51),AND(AC19>5,AA19>0,AA19<20)),"Médio",IF(OR(AND(AC19>1,AC19<6,AA19>50),AND(AC19>5,AA19>19,AA19<51),AND(AC19>5,AA19>50)),"Complexo",""))), IF(Z19="AIE",IF(OR(AND(OR(AC19=1, AC19=0),AA19>0,AA19<20),AND(OR(AC19=1, AC19=0),AA19>19,AA19<51),AND(AC19>1,AC19<6,AA19>0,AA19<20)),"Simples",IF(OR(AND(OR(AC19=1, AC19=0),AA19>50),AND(AC19>1,AC19<6,AA19>19,AA19<51),AND(AC19>5,AA19>0,AA19<20)),"Médio",IF(OR(AND(AC19>1,AC19<6,AA19>50),AND(AC19>5,AA19>19,AA19<51),AND(AC19>5,AA19>50)),"Complexo",""))),"")) | AG19: =IF(AE19="",AF19,IF(AF19="",AE19,"")) | AH19: =IF(AND(OR(Z19="EE",Z19="CE"),AG19="Simples"),3, IF(AND(OR(Z19="EE",Z19="CE"),AG19="Médio"),4, IF(AND(OR(Z19="EE",Z19="CE"),AG19="Complexo"),6, IF(AND(Z19="SE",AG19="Simples"),4, IF(AND(Z19="SE",AG19="Médio"),5, IF(AND(Z19="SE",AG19="Complexo"),7,0)))))) -> 0 | AI19: =IF(AND(Z19="ALI",AF19="Simples"),7, IF(AND(Z19="ALI",AF19="Médio"),10, IF(AND(Z19="ALI",AF19="Complexo"),15, IF(AND(Z19="AIE",AF19="Simples"),5, IF(AND(Z19="AIE",AF19="Médio"),7, IF(AND(Z19="AIE",AF19="Complexo"),10,0)))))) -> 0 | AJ19: =IF(W19="OK",S19,( IF(X19<>"Manutenção em interface",IF(X19<>"Desenv., Manutenção e Publicação de Páginas Estáticas",(AH19+AI19)*Y19,Y19),Y19))) -> 0 | AP19: =IF(AJ19=0,"",IF(AJ19=S19,"OK","Divergente"))
B20: Guia de Métricas da STI - Aplicação/Desenvolvimento | C20: =IF(B20<>"",VLOOKUP(B20,'Tipo Projeto'!$A$3:$B$44,2,0),0) -> 1 | D20: Categoria | F20: Ativar/Inativar Categoria | G20: EE | I20: 3 | J20: ID Categoria Ação Mensagem | K20: 1 | L20: Categoria | M20: =IF(G20="EE",IF(OR(AND(OR(K20=1,K20=0),I20>0,I20<5),AND(OR(K20=1,K20=0),I20>4,I20<16),AND(K20=2,I20>0,I20<5)),"Simples",IF(OR(AND(OR(K20=1,K20=0),I20>15),AND(K20=2,I20>4,I20<16),AND(K20>2,I20>0,I20<5)),"Médio",IF(OR(AND(K20=2,I20>15),AND(K20>2,I20>4,I20<16),AND(K20>2,I20>15)),"Complexo",""))), IF(OR(G20="CE",G20="SE"),IF(OR(AND(OR(K20=1,K20=0),I20>0,I20<6),AND(OR(K20=1,K20=0),I20>5,I20<20),AND(K20>1,K20<4,I20>0,I20<6)),"Simples",IF(OR(AND(OR(K20=1,K20=0),I20>19),AND(K20>1,K20<4,I20>5,I20<20),AND(K20>3,I20>0,I20<6)),"Médio",IF(OR(AND(K20>1,K20<4,I20>19),AND(K20>3,I20>5,I20<20),AND(K20>3,I20>19)),"Complexo",""))),"")) -> Simples | N20: =IF(G20="ALI",IF(OR(AND(OR(K20=1,K20=0),I20>0,I20<20),AND(OR(K20=1,K20=0),I20>19,I20<51),AND(K20>1,K20<6,I20>0,I20<20)),"Simples",IF(OR(AND(OR(K20=1,K20=0),I20>50),AND(K20>1,K20<6,I20>19,I20<51),AND(K20>5,I20>0,I20<20)),"Médio",IF(OR(AND(K20>1,K20<6,I20>50),AND(K20>5,I20>19,I20<51),AND(K20>5,I20>50)),"Complexo",""))), IF(G20="AIE",IF(OR(AND(OR(K20=1, K20=0),I20>0,I20<20),AND(OR(K20=1, K20=0),I20>19,I20<51),AND(K20>1,K20<6,I20>0,I20<20)),"Simples",IF(OR(AND(OR(K20=1, K20=0),I20>50),AND(K20>1,K20<6,I20>19,I20<51),AND(K20>5,I20>0,I20<20)),"Médio",IF(OR(AND(K20>1,K20<6,I20>50),AND(K20>5,I20>19,I20<51),AND(K20>5,I20>50)),"Complexo",""))),"")) | O20: =IF(M20="",N20,IF(N20="",M20,"")) -> Simples | P20: =IF(AND(OR(G20="EE",G20="CE"),O20="Simples"),3, IF(AND(OR(G20="EE",G20="CE"),O20="Médio"),4, IF(AND(OR(G20="EE",G20="CE"),O20="Complexo"),6, IF(AND(G20="SE",O20="Simples"),4, IF(AND(G20="SE",O20="Médio"),5, IF(AND(G20="SE",O20="Complexo"),7,0)))))) -> 3 | Q20: =IF(AND(G20="ALI",N20="Simples"),7, IF(AND(G20="ALI",N20="Médio"),10, IF(AND(G20="ALI",N20="Complexo"),15, IF(AND(G20="AIE",N20="Simples"),5, IF(AND(G20="AIE",N20="Médio"),7, IF(AND(G20="AIE",N20="Complexo"),10,0)))))) -> 0 | R20: =IF(G20="INM",C20*H20,IF(AND(OR(G20="EE",G20="CE"),O20="Simples"),3, IF(AND(OR(G20="EE",G20="CE"),O20="Médio"),4, IF(AND(OR(G20="EE",G20="CE"),O20="Complexo"),6, IF(AND(G20="SE",O20="Simples"),4, IF(AND(G20="SE",O20="Médio"),5, IF(AND(G20="SE",O20="Complexo"),7, IF(AND(G20="ALI",O20="Médio"),10, IF(AND(G20="ALI",O20="Simples"),7, IF(AND(G20="ALI",O20="Complexo"),15, IF(AND(G20="AIE",O20="Simples"),5, IF(AND(G20="AIE",O20="Médio"),7, IF(AND(G20="AIE",O20="Complexo"),10,0)) ))))))))))) -> 3 | S20: =IF(G20="INM",C20*H20,IF(B20<>"Manutenção em interface",IF(B20<>"Desenv., Manutenção e Publicação de Páginas Estáticas",(P20+Q20)*C20,C20),C20)) -> 3 | T20: PDTIC25093-16 | Y20: =IF(X20<>"",VLOOKUP(X20,'Tipo Projeto'!$A$3:$B$44,2,0),0) -> 0 | AE20: =IF(Z20="EE",IF(OR(AND(OR(AC20=1,AC20=0),AA20>0,AA20<5),AND(OR(AC20=1,AC20=0),AA20>4,AA20<16),AND(AC20=2,AA20>0,AA20<5)),"Simples",IF(OR(AND(OR(AC20=1,AC20=0),AA20>15),AND(AC20=2,AA20>4,AA20<16),AND(AC20>2,AA20>0,AA20<5)),"Médio",IF(OR(AND(AC20=2,AA20>15),AND(AC20>2,AA20>4,AA20<16),AND(AC20>2,AA20>15)),"Complexo",""))), IF(OR(Z20="CE",Z20="SE"),IF(OR(AND(OR(AC20=1,AC20=0),AA20>0,AA20<6),AND(OR(AC20=1,AC20=0),AA20>5,AA20<20),AND(AC20>1,AC20<4,AA20>0,AA20<6)),"Simples",IF(OR(AND(OR(AC20=1,AC20=0),AA20>19),AND(AC20>1,AC20<4,AA20>5,AA20<20),AND(AC20>3,AA20>0,AA20<6)),"Médio",IF(OR(AND(AC20>1,AC20<4,AA20>19),AND(AC20>3,AA20>5,AA20<20),AND(AC20>3,AA20>19)),"Complexo",""))),"")) | AF20: =IF(Z20="ALI",IF(OR(AND(OR(AC20=1,AC20=0),AA20>0,AA20<20),AND(OR(AC20=1,AC20=0),AA20>19,AA20<51),AND(AC20>1,AC20<6,AA20>0,AA20<20)),"Simples",IF(OR(AND(OR(AC20=1,AC20=0),AA20>50),AND(AC20>1,AC20<6,AA20>19,AA20<51),AND(AC20>5,AA20>0,AA20<20)),"Médio",IF(OR(AND(AC20>1,AC20<6,AA20>50),AND(AC20>5,AA20>19,AA20<51),AND(AC20>5,AA20>50)),"Complexo",""))), IF(Z20="AIE",IF(OR(AND(OR(AC20=1, AC20=0),AA20>0,AA20<20),AND(OR(AC20=1, AC20=0),AA20>19,AA20<51),AND(AC20>1,AC20<6,AA20>0,AA20<20)),"Simples",IF(OR(AND(OR(AC20=1, AC20=0),AA20>50),AND(AC20>1,AC20<6,AA20>19,AA20<51),AND(AC20>5,AA20>0,AA20<20)),"Médio",IF(OR(AND(AC20>1,AC20<6,AA20>50),AND(AC20>5,AA20>19,AA20<51),AND(AC20>5,AA20>50)),"Complexo",""))),"")) | AG20: =IF(AE20="",AF20,IF(AF20="",AE20,"")) | AH20: =IF(AND(OR(Z20="EE",Z20="CE"),AG20="Simples"),3, IF(AND(OR(Z20="EE",Z20="CE"),AG20="Médio"),4, IF(AND(OR(Z20="EE",Z20="CE"),AG20="Complexo"),6, IF(AND(Z20="SE",AG20="Simples"),4, IF(AND(Z20="SE",AG20="Médio"),5, IF(AND(Z20="SE",AG20="Complexo"),7,0)))))) -> 0 | AI20: =IF(AND(Z20="ALI",AF20="Simples"),7, IF(AND(Z20="ALI",AF20="Médio"),10, IF(AND(Z20="ALI",AF20="Complexo"),15, IF(AND(Z20="AIE",AF20="Simples"),5, IF(AND(Z20="AIE",AF20="Médio"),7, IF(AND(Z20="AIE",AF20="Complexo"),10,0)))))) -> 0 | AJ20: =IF(W20="OK",S20,( IF(X20<>"Manutenção em interface",IF(X20<>"Desenv., Manutenção e Publicação de Páginas Estáticas",(AH20+AI20)*Y20,Y20),Y20))) -> 0 | AP20: =IF(AJ20=0,"",IF(AJ20=S20,"OK","Divergente"))
C21: =IF(B21<>"",VLOOKUP(B21,'Tipo Projeto'!$A$3:$B$44,2,0),0) -> 0 | M21: =IF(G21="EE",IF(OR(AND(OR(K21=1,K21=0),I21>0,I21<5),AND(OR(K21=1,K21=0),I21>4,I21<16),AND(K21=2,I21>0,I21<5)),"Simples",IF(OR(AND(OR(K21=1,K21=0),I21>15),AND(K21=2,I21>4,I21<16),AND(K21>2,I21>0,I21<5)),"Médio",IF(OR(AND(K21=2,I21>15),AND(K21>2,I21>4,I21<16),AND(K21>2,I21>15)),"Complexo",""))), IF(OR(G21="CE",G21="SE"),IF(OR(AND(OR(K21=1,K21=0),I21>0,I21<6),AND(OR(K21=1,K21=0),I21>5,I21<20),AND(K21>1,K21<4,I21>0,I21<6)),"Simples",IF(OR(AND(OR(K21=1,K21=0),I21>19),AND(K21>1,K21<4,I21>5,I21<20),AND(K21>3,I21>0,I21<6)),"Médio",IF(OR(AND(K21>1,K21<4,I21>19),AND(K21>3,I21>5,I21<20),AND(K21>3,I21>19)),"Complexo",""))),"")) | N21: =IF(G21="ALI",IF(OR(AND(OR(K21=1,K21=0),I21>0,I21<20),AND(OR(K21=1,K21=0),I21>19,I21<51),AND(K21>1,K21<6,I21>0,I21<20)),"Simples",IF(OR(AND(OR(K21=1,K21=0),I21>50),AND(K21>1,K21<6,I21>19,I21<51),AND(K21>5,I21>0,I21<20)),"Médio",IF(OR(AND(K21>1,K21<6,I21>50),AND(K21>5,I21>19,I21<51),AND(K21>5,I21>50)),"Complexo",""))), IF(G21="AIE",IF(OR(AND(OR(K21=1, K21=0),I21>0,I21<20),AND(OR(K21=1, K21=0),I21>19,I21<51),AND(K21>1,K21<6,I21>0,I21<20)),"Simples",IF(OR(AND(OR(K21=1, K21=0),I21>50),AND(K21>1,K21<6,I21>19,I21<51),AND(K21>5,I21>0,I21<20)),"Médio",IF(OR(AND(K21>1,K21<6,I21>50),AND(K21>5,I21>19,I21<51),AND(K21>5,I21>50)),"Complexo",""))),"")) | O21: =IF(M21="",N21,IF(N21="",M21,"")) | P21: =IF(AND(OR(G21="EE",G21="CE"),O21="Simples"),3, IF(AND(OR(G21="EE",G21="CE"),O21="Médio"),4, IF(AND(OR(G21="EE",G21="CE"),O21="Complexo"),6, IF(AND(G21="SE",O21="Simples"),4, IF(AND(G21="SE",O21="Médio"),5, IF(AND(G21="SE",O21="Complexo"),7,0)))))) -> 0 | Q21: =IF(AND(G21="ALI",N21="Simples"),7, IF(AND(G21="ALI",N21="Médio"),10, IF(AND(G21="ALI",N21="Complexo"),15, IF(AND(G21="AIE",N21="Simples"),5, IF(AND(G21="AIE",N21="Médio"),7, IF(AND(G21="AIE",N21="Complexo"),10,0)))))) -> 0 | R21: =IF(G21="INM",C21*H21,IF(AND(OR(G21="EE",G21="CE"),O21="Simples"),3, IF(AND(OR(G21="EE",G21="CE"),O21="Médio"),4, IF(AND(OR(G21="EE",G21="CE"),O21="Complexo"),6, IF(AND(G21="SE",O21="Simples"),4, IF(AND(G21="SE",O21="Médio"),5, IF(AND(G21="SE",O21="Complexo"),7, IF(AND(G21="ALI",O21="Médio"),10, IF(AND(G21="ALI",O21="Simples"),7, IF(AND(G21="ALI",O21="Complexo"),15, IF(AND(G21="AIE",O21="Simples"),5, IF(AND(G21="AIE",O21="Médio"),7, IF(AND(G21="AIE",O21="Complexo"),10,0)) ))))))))))) -> 0 | S21: =IF(G21="INM",C21*H21,IF(B21<>"Manutenção em interface",IF(B21<>"Desenv., Manutenção e Publicação de Páginas Estáticas",(P21+Q21)*C21,C21),C21)) -> 0 | Y21: =IF(X21<>"",VLOOKUP(X21,'Tipo Projeto'!$A$3:$B$44,2,0),0) -> 0 | AE21: =IF(Z21="EE",IF(OR(AND(OR(AC21=1,AC21=0),AA21>0,AA21<5),AND(OR(AC21=1,AC21=0),AA21>4,AA21<16),AND(AC21=2,AA21>0,AA21<5)),"Simples",IF(OR(AND(OR(AC21=1,AC21=0),AA21>15),AND(AC21=2,AA21>4,AA21<16),AND(AC21>2,AA21>0,AA21<5)),"Médio",IF(OR(AND(AC21=2,AA21>15),AND(AC21>2,AA21>4,AA21<16),AND(AC21>2,AA21>15)),"Complexo",""))), IF(OR(Z21="CE",Z21="SE"),IF(OR(AND(OR(AC21=1,AC21=0),AA21>0,AA21<6),AND(OR(AC21=1,AC21=0),AA21>5,AA21<20),AND(AC21>1,AC21<4,AA21>0,AA21<6)),"Simples",IF(OR(AND(OR(AC21=1,AC21=0),AA21>19),AND(AC21>1,AC21<4,AA21>5,AA21<20),AND(AC21>3,AA21>0,AA21<6)),"Médio",IF(OR(AND(AC21>1,AC21<4,AA21>19),AND(AC21>3,AA21>5,AA21<20),AND(AC21>3,AA21>19)),"Complexo",""))),"")) | AF21: =IF(Z21="ALI",IF(OR(AND(OR(AC21=1,AC21=0),AA21>0,AA21<20),AND(OR(AC21=1,AC21=0),AA21>19,AA21<51),AND(AC21>1,AC21<6,AA21>0,AA21<20)),"Simples",IF(OR(AND(OR(AC21=1,AC21=0),AA21>50),AND(AC21>1,AC21<6,AA21>19,AA21<51),AND(AC21>5,AA21>0,AA21<20)),"Médio",IF(OR(AND(AC21>1,AC21<6,AA21>50),AND(AC21>5,AA21>19,AA21<51),AND(AC21>5,AA21>50)),"Complexo",""))), IF(Z21="AIE",IF(OR(AND(OR(AC21=1, AC21=0),AA21>0,AA21<20),AND(OR(AC21=1, AC21=0),AA21>19,AA21<51),AND(AC21>1,AC21<6,AA21>0,AA21<20)),"Simples",IF(OR(AND(OR(AC21=1, AC21=0),AA21>50),AND(AC21>1,AC21<6,AA21>19,AA21<51),AND(AC21>5,AA21>0,AA21<20)),"Médio",IF(OR(AND(AC21>1,AC21<6,AA21>50),AND(AC21>5,AA21>19,AA21<51),AND(AC21>5,AA21>50)),"Complexo",""))),"")) | AG21: =IF(AE21="",AF21,IF(AF21="",AE21,"")) | AH21: =IF(AND(OR(Z21="EE",Z21="CE"),AG21="Simples"),3, IF(AND(OR(Z21="EE",Z21="CE"),AG21="Médio"),4, IF(AND(OR(Z21="EE",Z21="CE"),AG21="Complexo"),6, IF(AND(Z21="SE",AG21="Simples"),4, IF(AND(Z21="SE",AG21="Médio"),5, IF(AND(Z21="SE",AG21="Complexo"),7,0)))))) -> 0 | AI21: =IF(AND(Z21="ALI",AF21="Simples"),7, IF(AND(Z21="ALI",AF21="Médio"),10, IF(AND(Z21="ALI",AF21="Complexo"),15, IF(AND(Z21="AIE",AF21="Simples"),5, IF(AND(Z21="AIE",AF21="Médio"),7, IF(AND(Z21="AIE",AF21="Complexo"),10,0)))))) -> 0 | AJ21: =IF(W21="OK",S21,( IF(X21<>"Manutenção em interface",IF(X21<>"Desenv., Manutenção e Publicação de Páginas Estáticas",(AH21+AI21)*Y21,Y21),Y21))) -> 0 | AP21: =IF(AJ21=0,"",IF(AJ21=S21,"OK","Divergente"))
B22: Guia de Métricas da STI - Aplicação/Desenvolvimento | C22: =IF(B22<>"",VLOOKUP(B22,'Tipo Projeto'!$A$3:$B$44,2,0),0) -> 1 | D22: Modalidade | F22: Pesquisar Modalidade | G22: CE | I22: 6 | J22: Nome Descrição Qtd Tipos Participantes Situação Ação Mensagem | K22: 2 | L22: Modalidade Tipo Participante | M22: =IF(G22="EE",IF(OR(AND(OR(K22=1,K22=0),I22>0,I22<5),AND(OR(K22=1,K22=0),I22>4,I22<16),AND(K22=2,I22>0,I22<5)),"Simples",IF(OR(AND(OR(K22=1,K22=0),I22>15),AND(K22=2,I22>4,I22<16),AND(K22>2,I22>0,I22<5)),"Médio",IF(OR(AND(K22=2,I22>15),AND(K22>2,I22>4,I22<16),AND(K22>2,I22>15)),"Complexo",""))), IF(OR(G22="CE",G22="SE"),IF(OR(AND(OR(K22=1,K22=0),I22>0,I22<6),AND(OR(K22=1,K22=0),I22>5,I22<20),AND(K22>1,K22<4,I22>0,I22<6)),"Simples",IF(OR(AND(OR(K22=1,K22=0),I22>19),AND(K22>1,K22<4,I22>5,I22<20),AND(K22>3,I22>0,I22<6)),"Médio",IF(OR(AND(K22>1,K22<4,I22>19),AND(K22>3,I22>5,I22<20),AND(K22>3,I22>19)),"Complexo",""))),"")) -> Médio | N22: =IF(G22="ALI",IF(OR(AND(OR(K22=1,K22=0),I22>0,I22<20),AND(OR(K22=1,K22=0),I22>19,I22<51),AND(K22>1,K22<6,I22>0,I22<20)),"Simples",IF(OR(AND(OR(K22=1,K22=0),I22>50),AND(K22>1,K22<6,I22>19,I22<51),AND(K22>5,I22>0,I22<20)),"Médio",IF(OR(AND(K22>1,K22<6,I22>50),AND(K22>5,I22>19,I22<51),AND(K22>5,I22>50)),"Complexo",""))), IF(G22="AIE",IF(OR(AND(OR(K22=1, K22=0),I22>0,I22<20),AND(OR(K22=1, K22=0),I22>19,I22<51),AND(K22>1,K22<6,I22>0,I22<20)),"Simples",IF(OR(AND(OR(K22=1, K22=0),I22>50),AND(K22>1,K22<6,I22>19,I22<51),AND(K22>5,I22>0,I22<20)),"Médio",IF(OR(AND(K22>1,K22<6,I22>50),AND(K22>5,I22>19,I22<51),AND(K22>5,I22>50)),"Complexo",""))),"")) | O22: =IF(M22="",N22,IF(N22="",M22,"")) -> Médio | P22: =IF(AND(OR(G22="EE",G22="CE"),O22="Simples"),3, IF(AND(OR(G22="EE",G22="CE"),O22="Médio"),4, IF(AND(OR(G22="EE",G22="CE"),O22="Complexo"),6, IF(AND(G22="SE",O22="Simples"),4, IF(AND(G22="SE",O22="Médio"),5, IF(AND(G22="SE",O22="Complexo"),7,0)))))) -> 4 | Q22: =IF(AND(G22="ALI",N22="Simples"),7, IF(AND(G22="ALI",N22="Médio"),10, IF(AND(G22="ALI",N22="Complexo"),15, IF(AND(G22="AIE",N22="Simples"),5, IF(AND(G22="AIE",N22="Médio"),7, IF(AND(G22="AIE",N22="Complexo"),10,0)))))) -> 0 | R22: =IF(G22="INM",C22*H22,IF(AND(OR(G22="EE",G22="CE"),O22="Simples"),3, IF(AND(OR(G22="EE",G22="CE"),O22="Médio"),4, IF(AND(OR(G22="EE",G22="CE"),O22="Complexo"),6, IF(AND(G22="SE",O22="Simples"),4, IF(AND(G22="SE",O22="Médio"),5, IF(AND(G22="SE",O22="Complexo"),7, IF(AND(G22="ALI",O22="Médio"),10, IF(AND(G22="ALI",O22="Simples"),7, IF(AND(G22="ALI",O22="Complexo"),15, IF(AND(G22="AIE",O22="Simples"),5, IF(AND(G22="AIE",O22="Médio"),7, IF(AND(G22="AIE",O22="Complexo"),10,0)) ))))))))))) -> 4 | S22: =IF(G22="INM",C22*H22,IF(B22<>"Manutenção em interface",IF(B22<>"Desenv., Manutenção e Publicação de Páginas Estáticas",(P22+Q22)*C22,C22),C22)) -> 4 | T22: PDTIC25093-17 | Y22: =IF(X22<>"",VLOOKUP(X22,'Tipo Projeto'!$A$3:$B$44,2,0),0) -> 0 | AE22: =IF(Z22="EE",IF(OR(AND(OR(AC22=1,AC22=0),AA22>0,AA22<5),AND(OR(AC22=1,AC22=0),AA22>4,AA22<16),AND(AC22=2,AA22>0,AA22<5)),"Simples",IF(OR(AND(OR(AC22=1,AC22=0),AA22>15),AND(AC22=2,AA22>4,AA22<16),AND(AC22>2,AA22>0,AA22<5)),"Médio",IF(OR(AND(AC22=2,AA22>15),AND(AC22>2,AA22>4,AA22<16),AND(AC22>2,AA22>15)),"Complexo",""))), IF(OR(Z22="CE",Z22="SE"),IF(OR(AND(OR(AC22=1,AC22=0),AA22>0,AA22<6),AND(OR(AC22=1,AC22=0),AA22>5,AA22<20),AND(AC22>1,AC22<4,AA22>0,AA22<6)),"Simples",IF(OR(AND(OR(AC22=1,AC22=0),AA22>19),AND(AC22>1,AC22<4,AA22>5,AA22<20),AND(AC22>3,AA22>0,AA22<6)),"Médio",IF(OR(AND(AC22>1,AC22<4,AA22>19),AND(AC22>3,AA22>5,AA22<20),AND(AC22>3,AA22>19)),"Complexo",""))),"")) | AF22: =IF(Z22="ALI",IF(OR(AND(OR(AC22=1,AC22=0),AA22>0,AA22<20),AND(OR(AC22=1,AC22=0),AA22>19,AA22<51),AND(AC22>1,AC22<6,AA22>0,AA22<20)),"Simples",IF(OR(AND(OR(AC22=1,AC22=0),AA22>50),AND(AC22>1,AC22<6,AA22>19,AA22<51),AND(AC22>5,AA22>0,AA22<20)),"Médio",IF(OR(AND(AC22>1,AC22<6,AA22>50),AND(AC22>5,AA22>19,AA22<51),AND(AC22>5,AA22>50)),"Complexo",""))), IF(Z22="AIE",IF(OR(AND(OR(AC22=1, AC22=0),AA22>0,AA22<20),AND(OR(AC22=1, AC22=0),AA22>19,AA22<51),AND(AC22>1,AC22<6,AA22>0,AA22<20)),"Simples",IF(OR(AND(OR(AC22=1, AC22=0),AA22>50),AND(AC22>1,AC22<6,AA22>19,AA22<51),AND(AC22>5,AA22>0,AA22<20)),"Médio",IF(OR(AND(AC22>1,AC22<6,AA22>50),AND(AC22>5,AA22>19,AA22<51),AND(AC22>5,AA22>50)),"Complexo",""))),"")) | AG22: =IF(AE22="",AF22,IF(AF22="",AE22,"")) | AH22: =IF(AND(OR(Z22="EE",Z22="CE"),AG22="Simples"),3, IF(AND(OR(Z22="EE",Z22="CE"),AG22="Médio"),4, IF(AND(OR(Z22="EE",Z22="CE"),AG22="Complexo"),6, IF(AND(Z22="SE",AG22="Simples"),4, IF(AND(Z22="SE",AG22="Médio"),5, IF(AND(Z22="SE",AG22="Complexo"),7,0)))))) -> 0 | AI22: =IF(AND(Z22="ALI",AF22="Simples"),7, IF(AND(Z22="ALI",AF22="Médio"),10, IF(AND(Z22="ALI",AF22="Complexo"),15, IF(AND(Z22="AIE",AF22="Simples"),5, IF(AND(Z22="AIE",AF22="Médio"),7, IF(AND(Z22="AIE",AF22="Complexo"),10,0)))))) -> 0 | AJ22: =IF(W22="OK",S22,( IF(X22<>"Manutenção em interface",IF(X22<>"Desenv., Manutenção e Publicação de Páginas Estáticas",(AH22+AI22)*Y22,Y22),Y22))) -> 0 | AP22: =IF(AJ22=0,"",IF(AJ22=S22,"OK","Divergente"))
B23: Guia de Métricas da STI - Aplicação/Desenvolvimento | C23: =IF(B23<>"",VLOOKUP(B23,'Tipo Projeto'!$A$3:$B$44,2,0),0) -> 1 | D23: Modalidade | F23: Incluir Modalidade | G23: EE | I23: 4 | J23: Nome Descrição Ação Mensagem | K23: 1 | L23: Modalidade | M23: =IF(G23="EE",IF(OR(AND(OR(K23=1,K23=0),I23>0,I23<5),AND(OR(K23=1,K23=0),I23>4,I23<16),AND(K23=2,I23>0,I23<5)),"Simples",IF(OR(AND(OR(K23=1,K23=0),I23>15),AND(K23=2,I23>4,I23<16),AND(K23>2,I23>0,I23<5)),"Médio",IF(OR(AND(K23=2,I23>15),AND(K23>2,I23>4,I23<16),AND(K23>2,I23>15)),"Complexo",""))), IF(OR(G23="CE",G23="SE"),IF(OR(AND(OR(K23=1,K23=0),I23>0,I23<6),AND(OR(K23=1,K23=0),I23>5,I23<20),AND(K23>1,K23<4,I23>0,I23<6)),"Simples",IF(OR(AND(OR(K23=1,K23=0),I23>19),AND(K23>1,K23<4,I23>5,I23<20),AND(K23>3,I23>0,I23<6)),"Médio",IF(OR(AND(K23>1,K23<4,I23>19),AND(K23>3,I23>5,I23<20),AND(K23>3,I23>19)),"Complexo",""))),"")) -> Simples | N23: =IF(G23="ALI",IF(OR(AND(OR(K23=1,K23=0),I23>0,I23<20),AND(OR(K23=1,K23=0),I23>19,I23<51),AND(K23>1,K23<6,I23>0,I23<20)),"Simples",IF(OR(AND(OR(K23=1,K23=0),I23>50),AND(K23>1,K23<6,I23>19,I23<51),AND(K23>5,I23>0,I23<20)),"Médio",IF(OR(AND(K23>1,K23<6,I23>50),AND(K23>5,I23>19,I23<51),AND(K23>5,I23>50)),"Complexo",""))), IF(G23="AIE",IF(OR(AND(OR(K23=1, K23=0),I23>0,I23<20),AND(OR(K23=1, K23=0),I23>19,I23<51),AND(K23>1,K23<6,I23>0,I23<20)),"Simples",IF(OR(AND(OR(K23=1, K23=0),I23>50),AND(K23>1,K23<6,I23>19,I23<51),AND(K23>5,I23>0,I23<20)),"Médio",IF(OR(AND(K23>1,K23<6,I23>50),AND(K23>5,I23>19,I23<51),AND(K23>5,I23>50)),"Complexo",""))),"")) | O23: =IF(M23="",N23,IF(N23="",M23,"")) -> Simples | P23: =IF(AND(OR(G23="EE",G23="CE"),O23="Simples"),3, IF(AND(OR(G23="EE",G23="CE"),O23="Médio"),4, IF(AND(OR(G23="EE",G23="CE"),O23="Complexo"),6, IF(AND(G23="SE",O23="Simples"),4, IF(AND(G23="SE",O23="Médio"),5, IF(AND(G23="SE",O23="Complexo"),7,0)))))) -> 3 | Q23: =IF(AND(G23="ALI",N23="Simples"),7, IF(AND(G23="ALI",N23="Médio"),10, IF(AND(G23="ALI",N23="Complexo"),15, IF(AND(G23="AIE",N23="Simples"),5, IF(AND(G23="AIE",N23="Médio"),7, IF(AND(G23="AIE",N23="Complexo"),10,0)))))) -> 0 | R23: =IF(G23="INM",C23*H23,IF(AND(OR(G23="EE",G23="CE"),O23="Simples"),3, IF(AND(OR(G23="EE",G23="CE"),O23="Médio"),4, IF(AND(OR(G23="EE",G23="CE"),O23="Complexo"),6, IF(AND(G23="SE",O23="Simples"),4, IF(AND(G23="SE",O23="Médio"),5, IF(AND(G23="SE",O23="Complexo"),7, IF(AND(G23="ALI",O23="Médio"),10, IF(AND(G23="ALI",O23="Simples"),7, IF(AND(G23="ALI",O23="Complexo"),15, IF(AND(G23="AIE",O23="Simples"),5, IF(AND(G23="AIE",O23="Médio"),7, IF(AND(G23="AIE",O23="Complexo"),10,0)) ))))))))))) -> 3 | S23: =IF(G23="INM",C23*H23,IF(B23<>"Manutenção em interface",IF(B23<>"Desenv., Manutenção e Publicação de Páginas Estáticas",(P23+Q23)*C23,C23),C23)) -> 3 | T23: PDTIC25093-17 | Y23: =IF(X23<>"",VLOOKUP(X23,'Tipo Projeto'!$A$3:$B$44,2,0),0) -> 0 | AE23: =IF(Z23="EE",IF(OR(AND(OR(AC23=1,AC23=0),AA23>0,AA23<5),AND(OR(AC23=1,AC23=0),AA23>4,AA23<16),AND(AC23=2,AA23>0,AA23<5)),"Simples",IF(OR(AND(OR(AC23=1,AC23=0),AA23>15),AND(AC23=2,AA23>4,AA23<16),AND(AC23>2,AA23>0,AA23<5)),"Médio",IF(OR(AND(AC23=2,AA23>15),AND(AC23>2,AA23>4,AA23<16),AND(AC23>2,AA23>15)),"Complexo",""))), IF(OR(Z23="CE",Z23="SE"),IF(OR(AND(OR(AC23=1,AC23=0),AA23>0,AA23<6),AND(OR(AC23=1,AC23=0),AA23>5,AA23<20),AND(AC23>1,AC23<4,AA23>0,AA23<6)),"Simples",IF(OR(AND(OR(AC23=1,AC23=0),AA23>19),AND(AC23>1,AC23<4,AA23>5,AA23<20),AND(AC23>3,AA23>0,AA23<6)),"Médio",IF(OR(AND(AC23>1,AC23<4,AA23>19),AND(AC23>3,AA23>5,AA23<20),AND(AC23>3,AA23>19)),"Complexo",""))),"")) | AF23: =IF(Z23="ALI",IF(OR(AND(OR(AC23=1,AC23=0),AA23>0,AA23<20),AND(OR(AC23=1,AC23=0),AA23>19,AA23<51),AND(AC23>1,AC23<6,AA23>0,AA23<20)),"Simples",IF(OR(AND(OR(AC23=1,AC23=0),AA23>50),AND(AC23>1,AC23<6,AA23>19,AA23<51),AND(AC23>5,AA23>0,AA23<20)),"Médio",IF(OR(AND(AC23>1,AC23<6,AA23>50),AND(AC23>5,AA23>19,AA23<51),AND(AC23>5,AA23>50)),"Complexo",""))), IF(Z23="AIE",IF(OR(AND(OR(AC23=1, AC23=0),AA23>0,AA23<20),AND(OR(AC23=1, AC23=0),AA23>19,AA23<51),AND(AC23>1,AC23<6,AA23>0,AA23<20)),"Simples",IF(OR(AND(OR(AC23=1, AC23=0),AA23>50),AND(AC23>1,AC23<6,AA23>19,AA23<51),AND(AC23>5,AA23>0,AA23<20)),"Médio",IF(OR(AND(AC23>1,AC23<6,AA23>50),AND(AC23>5,AA23>19,AA23<51),AND(AC23>5,AA23>50)),"Complexo",""))),"")) | AG23: =IF(AE23="",AF23,IF(AF23="",AE23,"")) | AH23: =IF(AND(OR(Z23="EE",Z23="CE"),AG23="Simples"),3, IF(AND(OR(Z23="EE",Z23="CE"),AG23="Médio"),4, IF(AND(OR(Z23="EE",Z23="CE"),AG23="Complexo"),6, IF(AND(Z23="SE",AG23="Simples"),4, IF(AND(Z23="SE",AG23="Médio"),5, IF(AND(Z23="SE",AG23="Complexo"),7,0)))))) -> 0 | AI23: =IF(AND(Z23="ALI",AF23="Simples"),7, IF(AND(Z23="ALI",AF23="Médio"),10, IF(AND(Z23="ALI",AF23="Complexo"),15, IF(AND(Z23="AIE",AF23="Simples"),5, IF(AND(Z23="AIE",AF23="Médio"),7, IF(AND(Z23="AIE",AF23="Complexo"),10,0)))))) -> 0 | AJ23: =IF(W23="OK",S23,( IF(X23<>"Manutenção em interface",IF(X23<>"Desenv., Manutenção e Publicação de Páginas Estáticas",(AH23+AI23)*Y23,Y23),Y23))) -> 0 | AP23: =IF(AJ23=0,"",IF(AJ23=S23,"OK","Divergente"))
B24: Guia de Métricas da STI - Aplicação/Desenvolvimento | C24: =IF(B24<>"",VLOOKUP(B24,'Tipo Projeto'!$A$3:$B$44,2,0),0) -> 1 | D24: Modalidade | F24: Consultar Modalidade (implícita) | G24: SE | I24: 7 | J24: Nome Descrição Premiação Categoria Id do Vinculo Situação Ação | K24: 2 | L24: Modalidade Categoria | M24: =IF(G24="EE",IF(OR(AND(OR(K24=1,K24=0),I24>0,I24<5),AND(OR(K24=1,K24=0),I24>4,I24<16),AND(K24=2,I24>0,I24<5)),"Simples",IF(OR(AND(OR(K24=1,K24=0),I24>15),AND(K24=2,I24>4,I24<16),AND(K24>2,I24>0,I24<5)),"Médio",IF(OR(AND(K24=2,I24>15),AND(K24>2,I24>4,I24<16),AND(K24>2,I24>15)),"Complexo",""))), IF(OR(G24="CE",G24="SE"),IF(OR(AND(OR(K24=1,K24=0),I24>0,I24<6),AND(OR(K24=1,K24=0),I24>5,I24<20),AND(K24>1,K24<4,I24>0,I24<6)),"Simples",IF(OR(AND(OR(K24=1,K24=0),I24>19),AND(K24>1,K24<4,I24>5,I24<20),AND(K24>3,I24>0,I24<6)),"Médio",IF(OR(AND(K24>1,K24<4,I24>19),AND(K24>3,I24>5,I24<20),AND(K24>3,I24>19)),"Complexo",""))),"")) -> Médio | N24: =IF(G24="ALI",IF(OR(AND(OR(K24=1,K24=0),I24>0,I24<20),AND(OR(K24=1,K24=0),I24>19,I24<51),AND(K24>1,K24<6,I24>0,I24<20)),"Simples",IF(OR(AND(OR(K24=1,K24=0),I24>50),AND(K24>1,K24<6,I24>19,I24<51),AND(K24>5,I24>0,I24<20)),"Médio",IF(OR(AND(K24>1,K24<6,I24>50),AND(K24>5,I24>19,I24<51),AND(K24>5,I24>50)),"Complexo",""))), IF(G24="AIE",IF(OR(AND(OR(K24=1, K24=0),I24>0,I24<20),AND(OR(K24=1, K24=0),I24>19,I24<51),AND(K24>1,K24<6,I24>0,I24<20)),"Simples",IF(OR(AND(OR(K24=1, K24=0),I24>50),AND(K24>1,K24<6,I24>19,I24<51),AND(K24>5,I24>0,I24<20)),"Médio",IF(OR(AND(K24>1,K24<6,I24>50),AND(K24>5,I24>19,I24<51),AND(K24>5,I24>50)),"Complexo",""))),"")) | O24: =IF(M24="",N24,IF(N24="",M24,"")) -> Médio | P24: =IF(AND(OR(G24="EE",G24="CE"),O24="Simples"),3, IF(AND(OR(G24="EE",G24="CE"),O24="Médio"),4, IF(AND(OR(G24="EE",G24="CE"),O24="Complexo"),6, IF(AND(G24="SE",O24="Simples"),4, IF(AND(G24="SE",O24="Médio"),5, IF(AND(G24="SE",O24="Complexo"),7,0)))))) -> 5 | Q24: =IF(AND(G24="ALI",N24="Simples"),7, IF(AND(G24="ALI",N24="Médio"),10, IF(AND(G24="ALI",N24="Complexo"),15, IF(AND(G24="AIE",N24="Simples"),5, IF(AND(G24="AIE",N24="Médio"),7, IF(AND(G24="AIE",N24="Complexo"),10,0)))))) -> 0 | R24: =IF(G24="INM",C24*H24,IF(AND(OR(G24="EE",G24="CE"),O24="Simples"),3, IF(AND(OR(G24="EE",G24="CE"),O24="Médio"),4, IF(AND(OR(G24="EE",G24="CE"),O24="Complexo"),6, IF(AND(G24="SE",O24="Simples"),4, IF(AND(G24="SE",O24="Médio"),5, IF(AND(G24="SE",O24="Complexo"),7, IF(AND(G24="ALI",O24="Médio"),10, IF(AND(G24="ALI",O24="Simples"),7, IF(AND(G24="ALI",O24="Complexo"),15, IF(AND(G24="AIE",O24="Simples"),5, IF(AND(G24="AIE",O24="Médio"),7, IF(AND(G24="AIE",O24="Complexo"),10,0)) ))))))))))) -> 5 | S24: =IF(G24="INM",C24*H24,IF(B24<>"Manutenção em interface",IF(B24<>"Desenv., Manutenção e Publicação de Páginas Estáticas",(P24+Q24)*C24,C24),C24)) -> 5 | T24: PDTIC25093-17 | Y24: =IF(X24<>"",VLOOKUP(X24,'Tipo Projeto'!$A$3:$B$44,2,0),0) -> 0 | AE24: =IF(Z24="EE",IF(OR(AND(OR(AC24=1,AC24=0),AA24>0,AA24<5),AND(OR(AC24=1,AC24=0),AA24>4,AA24<16),AND(AC24=2,AA24>0,AA24<5)),"Simples",IF(OR(AND(OR(AC24=1,AC24=0),AA24>15),AND(AC24=2,AA24>4,AA24<16),AND(AC24>2,AA24>0,AA24<5)),"Médio",IF(OR(AND(AC24=2,AA24>15),AND(AC24>2,AA24>4,AA24<16),AND(AC24>2,AA24>15)),"Complexo",""))), IF(OR(Z24="CE",Z24="SE"),IF(OR(AND(OR(AC24=1,AC24=0),AA24>0,AA24<6),AND(OR(AC24=1,AC24=0),AA24>5,AA24<20),AND(AC24>1,AC24<4,AA24>0,AA24<6)),"Simples",IF(OR(AND(OR(AC24=1,AC24=0),AA24>19),AND(AC24>1,AC24<4,AA24>5,AA24<20),AND(AC24>3,AA24>0,AA24<6)),"Médio",IF(OR(AND(AC24>1,AC24<4,AA24>19),AND(AC24>3,AA24>5,AA24<20),AND(AC24>3,AA24>19)),"Complexo",""))),"")) | AF24: =IF(Z24="ALI",IF(OR(AND(OR(AC24=1,AC24=0),AA24>0,AA24<20),AND(OR(AC24=1,AC24=0),AA24>19,AA24<51),AND(AC24>1,AC24<6,AA24>0,AA24<20)),"Simples",IF(OR(AND(OR(AC24=1,AC24=0),AA24>50),AND(AC24>1,AC24<6,AA24>19,AA24<51),AND(AC24>5,AA24>0,AA24<20)),"Médio",IF(OR(AND(AC24>1,AC24<6,AA24>50),AND(AC24>5,AA24>19,AA24<51),AND(AC24>5,AA24>50)),"Complexo",""))), IF(Z24="AIE",IF(OR(AND(OR(AC24=1, AC24=0),AA24>0,AA24<20),AND(OR(AC24=1, AC24=0),AA24>19,AA24<51),AND(AC24>1,AC24<6,AA24>0,AA24<20)),"Simples",IF(OR(AND(OR(AC24=1, AC24=0),AA24>50),AND(AC24>1,AC24<6,AA24>19,AA24<51),AND(AC24>5,AA24>0,AA24<20)),"Médio",IF(OR(AND(AC24>1,AC24<6,AA24>50),AND(AC24>5,AA24>19,AA24<51),AND(AC24>5,AA24>50)),"Complexo",""))),"")) | AG24: =IF(AE24="",AF24,IF(AF24="",AE24,"")) | AH24: =IF(AND(OR(Z24="EE",Z24="CE"),AG24="Simples"),3, IF(AND(OR(Z24="EE",Z24="CE"),AG24="Médio"),4, IF(AND(OR(Z24="EE",Z24="CE"),AG24="Complexo"),6, IF(AND(Z24="SE",AG24="Simples"),4, IF(AND(Z24="SE",AG24="Médio"),5, IF(AND(Z24="SE",AG24="Complexo"),7,0)))))) -> 0 | AI24: =IF(AND(Z24="ALI",AF24="Simples"),7, IF(AND(Z24="ALI",AF24="Médio"),10, IF(AND(Z24="ALI",AF24="Complexo"),15, IF(AND(Z24="AIE",AF24="Simples"),5, IF(AND(Z24="AIE",AF24="Médio"),7, IF(AND(Z24="AIE",AF24="Complexo"),10,0)))))) -> 0 | AJ24: =IF(W24="OK",S24,( IF(X24<>"Manutenção em interface",IF(X24<>"Desenv., Manutenção e Publicação de Páginas Estáticas",(AH24+AI24)*Y24,Y24),Y24))) -> 0 | AP24: =IF(AJ24=0,"",IF(AJ24=S24,"OK","Divergente"))
B25: Guia de Métricas da STI - Aplicação/Desenvolvimento | C25: =IF(B25<>"",VLOOKUP(B25,'Tipo Projeto'!$A$3:$B$44,2,0),0) -> 1 | D25: Modalidade | F25: Editar Modalidade | G25: EE | I25: 4 | J25: Nome Descrição Ação Mensagem | K25: 1 | L25: Modalidade | M25: =IF(G25="EE",IF(OR(AND(OR(K25=1,K25=0),I25>0,I25<5),AND(OR(K25=1,K25=0),I25>4,I25<16),AND(K25=2,I25>0,I25<5)),"Simples",IF(OR(AND(OR(K25=1,K25=0),I25>15),AND(K25=2,I25>4,I25<16),AND(K25>2,I25>0,I25<5)),"Médio",IF(OR(AND(K25=2,I25>15),AND(K25>2,I25>4,I25<16),AND(K25>2,I25>15)),"Complexo",""))), IF(OR(G25="CE",G25="SE"),IF(OR(AND(OR(K25=1,K25=0),I25>0,I25<6),AND(OR(K25=1,K25=0),I25>5,I25<20),AND(K25>1,K25<4,I25>0,I25<6)),"Simples",IF(OR(AND(OR(K25=1,K25=0),I25>19),AND(K25>1,K25<4,I25>5,I25<20),AND(K25>3,I25>0,I25<6)),"Médio",IF(OR(AND(K25>1,K25<4,I25>19),AND(K25>3,I25>5,I25<20),AND(K25>3,I25>19)),"Complexo",""))),"")) -> Simples | N25: =IF(G25="ALI",IF(OR(AND(OR(K25=1,K25=0),I25>0,I25<20),AND(OR(K25=1,K25=0),I25>19,I25<51),AND(K25>1,K25<6,I25>0,I25<20)),"Simples",IF(OR(AND(OR(K25=1,K25=0),I25>50),AND(K25>1,K25<6,I25>19,I25<51),AND(K25>5,I25>0,I25<20)),"Médio",IF(OR(AND(K25>1,K25<6,I25>50),AND(K25>5,I25>19,I25<51),AND(K25>5,I25>50)),"Complexo",""))), IF(G25="AIE",IF(OR(AND(OR(K25=1, K25=0),I25>0,I25<20),AND(OR(K25=1, K25=0),I25>19,I25<51),AND(K25>1,K25<6,I25>0,I25<20)),"Simples",IF(OR(AND(OR(K25=1, K25=0),I25>50),AND(K25>1,K25<6,I25>19,I25<51),AND(K25>5,I25>0,I25<20)),"Médio",IF(OR(AND(K25>1,K25<6,I25>50),AND(K25>5,I25>19,I25<51),AND(K25>5,I25>50)),"Complexo",""))),"")) | O25: =IF(M25="",N25,IF(N25="",M25,"")) -> Simples | P25: =IF(AND(OR(G25="EE",G25="CE"),O25="Simples"),3, IF(AND(OR(G25="EE",G25="CE"),O25="Médio"),4, IF(AND(OR(G25="EE",G25="CE"),O25="Complexo"),6, IF(AND(G25="SE",O25="Simples"),4, IF(AND(G25="SE",O25="Médio"),5, IF(AND(G25="SE",O25="Complexo"),7,0)))))) -> 3 | Q25: =IF(AND(G25="ALI",N25="Simples"),7, IF(AND(G25="ALI",N25="Médio"),10, IF(AND(G25="ALI",N25="Complexo"),15, IF(AND(G25="AIE",N25="Simples"),5, IF(AND(G25="AIE",N25="Médio"),7, IF(AND(G25="AIE",N25="Complexo"),10,0)))))) -> 0 | R25: =IF(G25="INM",C25*H25,IF(AND(OR(G25="EE",G25="CE"),O25="Simples"),3, IF(AND(OR(G25="EE",G25="CE"),O25="Médio"),4, IF(AND(OR(G25="EE",G25="CE"),O25="Complexo"),6, IF(AND(G25="SE",O25="Simples"),4, IF(AND(G25="SE",O25="Médio"),5, IF(AND(G25="SE",O25="Complexo"),7, IF(AND(G25="ALI",O25="Médio"),10, IF(AND(G25="ALI",O25="Simples"),7, IF(AND(G25="ALI",O25="Complexo"),15, IF(AND(G25="AIE",O25="Simples"),5, IF(AND(G25="AIE",O25="Médio"),7, IF(AND(G25="AIE",O25="Complexo"),10,0)) ))))))))))) -> 3 | S25: =IF(G25="INM",C25*H25,IF(B25<>"Manutenção em interface",IF(B25<>"Desenv., Manutenção e Publicação de Páginas Estáticas",(P25+Q25)*C25,C25),C25)) -> 3 | T25: PDTIC25093-17 | Y25: =IF(X25<>"",VLOOKUP(X25,'Tipo Projeto'!$A$3:$B$44,2,0),0) -> 0 | AE25: =IF(Z25="EE",IF(OR(AND(OR(AC25=1,AC25=0),AA25>0,AA25<5),AND(OR(AC25=1,AC25=0),AA25>4,AA25<16),AND(AC25=2,AA25>0,AA25<5)),"Simples",IF(OR(AND(OR(AC25=1,AC25=0),AA25>15),AND(AC25=2,AA25>4,AA25<16),AND(AC25>2,AA25>0,AA25<5)),"Médio",IF(OR(AND(AC25=2,AA25>15),AND(AC25>2,AA25>4,AA25<16),AND(AC25>2,AA25>15)),"Complexo",""))), IF(OR(Z25="CE",Z25="SE"),IF(OR(AND(OR(AC25=1,AC25=0),AA25>0,AA25<6),AND(OR(AC25=1,AC25=0),AA25>5,AA25<20),AND(AC25>1,AC25<4,AA25>0,AA25<6)),"Simples",IF(OR(AND(OR(AC25=1,AC25=0),AA25>19),AND(AC25>1,AC25<4,AA25>5,AA25<20),AND(AC25>3,AA25>0,AA25<6)),"Médio",IF(OR(AND(AC25>1,AC25<4,AA25>19),AND(AC25>3,AA25>5,AA25<20),AND(AC25>3,AA25>19)),"Complexo",""))),"")) | AF25: =IF(Z25="ALI",IF(OR(AND(OR(AC25=1,AC25=0),AA25>0,AA25<20),AND(OR(AC25=1,AC25=0),AA25>19,AA25<51),AND(AC25>1,AC25<6,AA25>0,AA25<20)),"Simples",IF(OR(AND(OR(AC25=1,AC25=0),AA25>50),AND(AC25>1,AC25<6,AA25>19,AA25<51),AND(AC25>5,AA25>0,AA25<20)),"Médio",IF(OR(AND(AC25>1,AC25<6,AA25>50),AND(AC25>5,AA25>19,AA25<51),AND(AC25>5,AA25>50)),"Complexo",""))), IF(Z25="AIE",IF(OR(AND(OR(AC25=1, AC25=0),AA25>0,AA25<20),AND(OR(AC25=1, AC25=0),AA25>19,AA25<51),AND(AC25>1,AC25<6,AA25>0,AA25<20)),"Simples",IF(OR(AND(OR(AC25=1, AC25=0),AA25>50),AND(AC25>1,AC25<6,AA25>19,AA25<51),AND(AC25>5,AA25>0,AA25<20)),"Médio",IF(OR(AND(AC25>1,AC25<6,AA25>50),AND(AC25>5,AA25>19,AA25<51),AND(AC25>5,AA25>50)),"Complexo",""))),"")) | AG25: =IF(AE25="",AF25,IF(AF25="",AE25,"")) | AH25: =IF(AND(OR(Z25="EE",Z25="CE"),AG25="Simples"),3, IF(AND(OR(Z25="EE",Z25="CE"),AG25="Médio"),4, IF(AND(OR(Z25="EE",Z25="CE"),AG25="Complexo"),6, IF(AND(Z25="SE",AG25="Simples"),4, IF(AND(Z25="SE",AG25="Médio"),5, IF(AND(Z25="SE",AG25="Complexo"),7,0)))))) -> 0 | AI25: =IF(AND(Z25="ALI",AF25="Simples"),7, IF(AND(Z25="ALI",AF25="Médio"),10, IF(AND(Z25="ALI",AF25="Complexo"),15, IF(AND(Z25="AIE",AF25="Simples"),5, IF(AND(Z25="AIE",AF25="Médio"),7, IF(AND(Z25="AIE",AF25="Complexo"),10,0)))))) -> 0 | AJ25: =IF(W25="OK",S25,( IF(X25<>"Manutenção em interface",IF(X25<>"Desenv., Manutenção e Publicação de Páginas Estáticas",(AH25+AI25)*Y25,Y25),Y25))) -> 0 | AP25: =IF(AJ25=0,"",IF(AJ25=S25,"OK","Divergente"))
B26: Guia de Métricas da STI - Aplicação/Desenvolvimento | C26: =IF(B26<>"",VLOOKUP(B26,'Tipo Projeto'!$A$3:$B$44,2,0),0) -> 1 | D26: Modalidade | F26: Detalhar Modalidade | M26: =IF(G26="EE",IF(OR(AND(OR(K26=1,K26=0),I26>0,I26<5),AND(OR(K26=1,K26=0),I26>4,I26<16),AND(K26=2,I26>0,I26<5)),"Simples",IF(OR(AND(OR(K26=1,K26=0),I26>15),AND(K26=2,I26>4,I26<16),AND(K26>2,I26>0,I26<5)),"Médio",IF(OR(AND(K26=2,I26>15),AND(K26>2,I26>4,I26<16),AND(K26>2,I26>15)),"Complexo",""))), IF(OR(G26="CE",G26="SE"),IF(OR(AND(OR(K26=1,K26=0),I26>0,I26<6),AND(OR(K26=1,K26=0),I26>5,I26<20),AND(K26>1,K26<4,I26>0,I26<6)),"Simples",IF(OR(AND(OR(K26=1,K26=0),I26>19),AND(K26>1,K26<4,I26>5,I26<20),AND(K26>3,I26>0,I26<6)),"Médio",IF(OR(AND(K26>1,K26<4,I26>19),AND(K26>3,I26>5,I26<20),AND(K26>3,I26>19)),"Complexo",""))),"")) | N26: =IF(G26="ALI",IF(OR(AND(OR(K26=1,K26=0),I26>0,I26<20),AND(OR(K26=1,K26=0),I26>19,I26<51),AND(K26>1,K26<6,I26>0,I26<20)),"Simples",IF(OR(AND(OR(K26=1,K26=0),I26>50),AND(K26>1,K26<6,I26>19,I26<51),AND(K26>5,I26>0,I26<20)),"Médio",IF(OR(AND(K26>1,K26<6,I26>50),AND(K26>5,I26>19,I26<51),AND(K26>5,I26>50)),"Complexo",""))), IF(G26="AIE",IF(OR(AND(OR(K26=1, K26=0),I26>0,I26<20),AND(OR(K26=1, K26=0),I26>19,I26<51),AND(K26>1,K26<6,I26>0,I26<20)),"Simples",IF(OR(AND(OR(K26=1, K26=0),I26>50),AND(K26>1,K26<6,I26>19,I26<51),AND(K26>5,I26>0,I26<20)),"Médio",IF(OR(AND(K26>1,K26<6,I26>50),AND(K26>5,I26>19,I26<51),AND(K26>5,I26>50)),"Complexo",""))),"")) | O26: =IF(M26="",N26,IF(N26="",M26,"")) | P26: =IF(AND(OR(G26="EE",G26="CE"),O26="Simples"),3, IF(AND(OR(G26="EE",G26="CE"),O26="Médio"),4, IF(AND(OR(G26="EE",G26="CE"),O26="Complexo"),6, IF(AND(G26="SE",O26="Simples"),4, IF(AND(G26="SE",O26="Médio"),5, IF(AND(G26="SE",O26="Complexo"),7,0)))))) -> 0 | Q26: =IF(AND(G26="ALI",N26="Simples"),7, IF(AND(G26="ALI",N26="Médio"),10, IF(AND(G26="ALI",N26="Complexo"),15, IF(AND(G26="AIE",N26="Simples"),5, IF(AND(G26="AIE",N26="Médio"),7, IF(AND(G26="AIE",N26="Complexo"),10,0)))))) -> 0 | R26: =IF(G26="INM",C26*H26,IF(AND(OR(G26="EE",G26="CE"),O26="Simples"),3, IF(AND(OR(G26="EE",G26="CE"),O26="Médio"),4, IF(AND(OR(G26="EE",G26="CE"),O26="Complexo"),6, IF(AND(G26="SE",O26="Simples"),4, IF(AND(G26="SE",O26="Médio"),5, IF(AND(G26="SE",O26="Complexo"),7, IF(AND(G26="ALI",O26="Médio"),10, IF(AND(G26="ALI",O26="Simples"),7, IF(AND(G26="ALI",O26="Complexo"),15, IF(AND(G26="AIE",O26="Simples"),5, IF(AND(G26="AIE",O26="Médio"),7, IF(AND(G26="AIE",O26="Complexo"),10,0)) ))))))))))) -> 0 | S26: =IF(G26="INM",C26*H26,IF(B26<>"Manutenção em interface",IF(B26<>"Desenv., Manutenção e Publicação de Páginas Estáticas",(P26+Q26)*C26,C26),C26)) -> 0 | T26: PDTIC25093-17 | U26: Mesmo PE que o Consultar Modalidade (implícita) | Y26: =IF(X26<>"",VLOOKUP(X26,'Tipo Projeto'!$A$3:$B$44,2,0),0) -> 0 | AE26: =IF(Z26="EE",IF(OR(AND(OR(AC26=1,AC26=0),AA26>0,AA26<5),AND(OR(AC26=1,AC26=0),AA26>4,AA26<16),AND(AC26=2,AA26>0,AA26<5)),"Simples",IF(OR(AND(OR(AC26=1,AC26=0),AA26>15),AND(AC26=2,AA26>4,AA26<16),AND(AC26>2,AA26>0,AA26<5)),"Médio",IF(OR(AND(AC26=2,AA26>15),AND(AC26>2,AA26>4,AA26<16),AND(AC26>2,AA26>15)),"Complexo",""))), IF(OR(Z26="CE",Z26="SE"),IF(OR(AND(OR(AC26=1,AC26=0),AA26>0,AA26<6),AND(OR(AC26=1,AC26=0),AA26>5,AA26<20),AND(AC26>1,AC26<4,AA26>0,AA26<6)),"Simples",IF(OR(AND(OR(AC26=1,AC26=0),AA26>19),AND(AC26>1,AC26<4,AA26>5,AA26<20),AND(AC26>3,AA26>0,AA26<6)),"Médio",IF(OR(AND(AC26>1,AC26<4,AA26>19),AND(AC26>3,AA26>5,AA26<20),AND(AC26>3,AA26>19)),"Complexo",""))),"")) | AF26: =IF(Z26="ALI",IF(OR(AND(OR(AC26=1,AC26=0),AA26>0,AA26<20),AND(OR(AC26=1,AC26=0),AA26>19,AA26<51),AND(AC26>1,AC26<6,AA26>0,AA26<20)),"Simples",IF(OR(AND(OR(AC26=1,AC26=0),AA26>50),AND(AC26>1,AC26<6,AA26>19,AA26<51),AND(AC26>5,AA26>0,AA26<20)),"Médio",IF(OR(AND(AC26>1,AC26<6,AA26>50),AND(AC26>5,AA26>19,AA26<51),AND(AC26>5,AA26>50)),"Complexo",""))), IF(Z26="AIE",IF(OR(AND(OR(AC26=1, AC26=0),AA26>0,AA26<20),AND(OR(AC26=1, AC26=0),AA26>19,AA26<51),AND(AC26>1,AC26<6,AA26>0,AA26<20)),"Simples",IF(OR(AND(OR(AC26=1, AC26=0),AA26>50),AND(AC26>1,AC26<6,AA26>19,AA26<51),AND(AC26>5,AA26>0,AA26<20)),"Médio",IF(OR(AND(AC26>1,AC26<6,AA26>50),AND(AC26>5,AA26>19,AA26<51),AND(AC26>5,AA26>50)),"Complexo",""))),"")) | AG26: =IF(AE26="",AF26,IF(AF26="",AE26,"")) | AH26: =IF(AND(OR(Z26="EE",Z26="CE"),AG26="Simples"),3, IF(AND(OR(Z26="EE",Z26="CE"),AG26="Médio"),4, IF(AND(OR(Z26="EE",Z26="CE"),AG26="Complexo"),6, IF(AND(Z26="SE",AG26="Simples"),4, IF(AND(Z26="SE",AG26="Médio"),5, IF(AND(Z26="SE",AG26="Complexo"),7,0)))))) -> 0 | AI26: =IF(AND(Z26="ALI",AF26="Simples"),7, IF(AND(Z26="ALI",AF26="Médio"),10, IF(AND(Z26="ALI",AF26="Complexo"),15, IF(AND(Z26="AIE",AF26="Simples"),5, IF(AND(Z26="AIE",AF26="Médio"),7, IF(AND(Z26="AIE",AF26="Complexo"),10,0)))))) -> 0 | AJ26: =IF(W26="OK",S26,( IF(X26<>"Manutenção em interface",IF(X26<>"Desenv., Manutenção e Publicação de Páginas Estáticas",(AH26+AI26)*Y26,Y26),Y26))) -> 0 | AP26: =IF(AJ26=0,"",IF(AJ26=S26,"OK","Divergente"))
B27: Guia de Métricas da STI - Aplicação/Desenvolvimento | C27: =IF(B27<>"",VLOOKUP(B27,'Tipo Projeto'!$A$3:$B$44,2,0),0) -> 1 | D27: Modalidade | F27: Ativar/Inativar Modalidade | G27: EE | I27: 3 | J27: ID Ação Mensagem | K27: 1 | L27: Modalidade | M27: =IF(G27="EE",IF(OR(AND(OR(K27=1,K27=0),I27>0,I27<5),AND(OR(K27=1,K27=0),I27>4,I27<16),AND(K27=2,I27>0,I27<5)),"Simples",IF(OR(AND(OR(K27=1,K27=0),I27>15),AND(K27=2,I27>4,I27<16),AND(K27>2,I27>0,I27<5)),"Médio",IF(OR(AND(K27=2,I27>15),AND(K27>2,I27>4,I27<16),AND(K27>2,I27>15)),"Complexo",""))), IF(OR(G27="CE",G27="SE"),IF(OR(AND(OR(K27=1,K27=0),I27>0,I27<6),AND(OR(K27=1,K27=0),I27>5,I27<20),AND(K27>1,K27<4,I27>0,I27<6)),"Simples",IF(OR(AND(OR(K27=1,K27=0),I27>19),AND(K27>1,K27<4,I27>5,I27<20),AND(K27>3,I27>0,I27<6)),"Médio",IF(OR(AND(K27>1,K27<4,I27>19),AND(K27>3,I27>5,I27<20),AND(K27>3,I27>19)),"Complexo",""))),"")) -> Simples | N27: =IF(G27="ALI",IF(OR(AND(OR(K27=1,K27=0),I27>0,I27<20),AND(OR(K27=1,K27=0),I27>19,I27<51),AND(K27>1,K27<6,I27>0,I27<20)),"Simples",IF(OR(AND(OR(K27=1,K27=0),I27>50),AND(K27>1,K27<6,I27>19,I27<51),AND(K27>5,I27>0,I27<20)),"Médio",IF(OR(AND(K27>1,K27<6,I27>50),AND(K27>5,I27>19,I27<51),AND(K27>5,I27>50)),"Complexo",""))), IF(G27="AIE",IF(OR(AND(OR(K27=1, K27=0),I27>0,I27<20),AND(OR(K27=1, K27=0),I27>19,I27<51),AND(K27>1,K27<6,I27>0,I27<20)),"Simples",IF(OR(AND(OR(K27=1, K27=0),I27>50),AND(K27>1,K27<6,I27>19,I27<51),AND(K27>5,I27>0,I27<20)),"Médio",IF(OR(AND(K27>1,K27<6,I27>50),AND(K27>5,I27>19,I27<51),AND(K27>5,I27>50)),"Complexo",""))),"")) | O27: =IF(M27="",N27,IF(N27="",M27,"")) -> Simples | P27: =IF(AND(OR(G27="EE",G27="CE"),O27="Simples"),3, IF(AND(OR(G27="EE",G27="CE"),O27="Médio"),4, IF(AND(OR(G27="EE",G27="CE"),O27="Complexo"),6, IF(AND(G27="SE",O27="Simples"),4, IF(AND(G27="SE",O27="Médio"),5, IF(AND(G27="SE",O27="Complexo"),7,0)))))) -> 3 | Q27: =IF(AND(G27="ALI",N27="Simples"),7, IF(AND(G27="ALI",N27="Médio"),10, IF(AND(G27="ALI",N27="Complexo"),15, IF(AND(G27="AIE",N27="Simples"),5, IF(AND(G27="AIE",N27="Médio"),7, IF(AND(G27="AIE",N27="Complexo"),10,0)))))) -> 0 | R27: =IF(G27="INM",C27*H27,IF(AND(OR(G27="EE",G27="CE"),O27="Simples"),3, IF(AND(OR(G27="EE",G27="CE"),O27="Médio"),4, IF(AND(OR(G27="EE",G27="CE"),O27="Complexo"),6, IF(AND(G27="SE",O27="Simples"),4, IF(AND(G27="SE",O27="Médio"),5, IF(AND(G27="SE",O27="Complexo"),7, IF(AND(G27="ALI",O27="Médio"),10, IF(AND(G27="ALI",O27="Simples"),7, IF(AND(G27="ALI",O27="Complexo"),15, IF(AND(G27="AIE",O27="Simples"),5, IF(AND(G27="AIE",O27="Médio"),7, IF(AND(G27="AIE",O27="Complexo"),10,0)) ))))))))))) -> 3 | S27: =IF(G27="INM",C27*H27,IF(B27<>"Manutenção em interface",IF(B27<>"Desenv., Manutenção e Publicação de Páginas Estáticas",(P27+Q27)*C27,C27),C27)) -> 3 | T27: PDTIC25093-17 | Y27: =IF(X27<>"",VLOOKUP(X27,'Tipo Projeto'!$A$3:$B$44,2,0),0) -> 0 | AE27: =IF(Z27="EE",IF(OR(AND(OR(AC27=1,AC27=0),AA27>0,AA27<5),AND(OR(AC27=1,AC27=0),AA27>4,AA27<16),AND(AC27=2,AA27>0,AA27<5)),"Simples",IF(OR(AND(OR(AC27=1,AC27=0),AA27>15),AND(AC27=2,AA27>4,AA27<16),AND(AC27>2,AA27>0,AA27<5)),"Médio",IF(OR(AND(AC27=2,AA27>15),AND(AC27>2,AA27>4,AA27<16),AND(AC27>2,AA27>15)),"Complexo",""))), IF(OR(Z27="CE",Z27="SE"),IF(OR(AND(OR(AC27=1,AC27=0),AA27>0,AA27<6),AND(OR(AC27=1,AC27=0),AA27>5,AA27<20),AND(AC27>1,AC27<4,AA27>0,AA27<6)),"Simples",IF(OR(AND(OR(AC27=1,AC27=0),AA27>19),AND(AC27>1,AC27<4,AA27>5,AA27<20),AND(AC27>3,AA27>0,AA27<6)),"Médio",IF(OR(AND(AC27>1,AC27<4,AA27>19),AND(AC27>3,AA27>5,AA27<20),AND(AC27>3,AA27>19)),"Complexo",""))),"")) | AF27: =IF(Z27="ALI",IF(OR(AND(OR(AC27=1,AC27=0),AA27>0,AA27<20),AND(OR(AC27=1,AC27=0),AA27>19,AA27<51),AND(AC27>1,AC27<6,AA27>0,AA27<20)),"Simples",IF(OR(AND(OR(AC27=1,AC27=0),AA27>50),AND(AC27>1,AC27<6,AA27>19,AA27<51),AND(AC27>5,AA27>0,AA27<20)),"Médio",IF(OR(AND(AC27>1,AC27<6,AA27>50),AND(AC27>5,AA27>19,AA27<51),AND(AC27>5,AA27>50)),"Complexo",""))), IF(Z27="AIE",IF(OR(AND(OR(AC27=1, AC27=0),AA27>0,AA27<20),AND(OR(AC27=1, AC27=0),AA27>19,AA27<51),AND(AC27>1,AC27<6,AA27>0,AA27<20)),"Simples",IF(OR(AND(OR(AC27=1, AC27=0),AA27>50),AND(AC27>1,AC27<6,AA27>19,AA27<51),AND(AC27>5,AA27>0,AA27<20)),"Médio",IF(OR(AND(AC27>1,AC27<6,AA27>50),AND(AC27>5,AA27>19,AA27<51),AND(AC27>5,AA27>50)),"Complexo",""))),"")) | AG27: =IF(AE27="",AF27,IF(AF27="",AE27,"")) | AH27: =IF(AND(OR(Z27="EE",Z27="CE"),AG27="Simples"),3, IF(AND(OR(Z27="EE",Z27="CE"),AG27="Médio"),4, IF(AND(OR(Z27="EE",Z27="CE"),AG27="Complexo"),6, IF(AND(Z27="SE",AG27="Simples"),4, IF(AND(Z27="SE",AG27="Médio"),5, IF(AND(Z27="SE",AG27="Complexo"),7,0)))))) -> 0 | AI27: =IF(AND(Z27="ALI",AF27="Simples"),7, IF(AND(Z27="ALI",AF27="Médio"),10, IF(AND(Z27="ALI",AF27="Complexo"),15, IF(AND(Z27="AIE",AF27="Simples"),5, IF(AND(Z27="AIE",AF27="Médio"),7, IF(AND(Z27="AIE",AF27="Complexo"),10,0)))))) -> 0 | AJ27: =IF(W27="OK",S27,( IF(X27<>"Manutenção em interface",IF(X27<>"Desenv., Manutenção e Publicação de Páginas Estáticas",(AH27+AI27)*Y27,Y27),Y27))) -> 0 | AP27: =IF(AJ27=0,"",IF(AJ27=S27,"OK","Divergente"))
C28: =IF(B28<>"",VLOOKUP(B28,'Tipo Projeto'!$A$3:$B$44,2,0),0) -> 0 | M28: =IF(G28="EE",IF(OR(AND(OR(K28=1,K28=0),I28>0,I28<5),AND(OR(K28=1,K28=0),I28>4,I28<16),AND(K28=2,I28>0,I28<5)),"Simples",IF(OR(AND(OR(K28=1,K28=0),I28>15),AND(K28=2,I28>4,I28<16),AND(K28>2,I28>0,I28<5)),"Médio",IF(OR(AND(K28=2,I28>15),AND(K28>2,I28>4,I28<16),AND(K28>2,I28>15)),"Complexo",""))), IF(OR(G28="CE",G28="SE"),IF(OR(AND(OR(K28=1,K28=0),I28>0,I28<6),AND(OR(K28=1,K28=0),I28>5,I28<20),AND(K28>1,K28<4,I28>0,I28<6)),"Simples",IF(OR(AND(OR(K28=1,K28=0),I28>19),AND(K28>1,K28<4,I28>5,I28<20),AND(K28>3,I28>0,I28<6)),"Médio",IF(OR(AND(K28>1,K28<4,I28>19),AND(K28>3,I28>5,I28<20),AND(K28>3,I28>19)),"Complexo",""))),"")) | N28: =IF(G28="ALI",IF(OR(AND(OR(K28=1,K28=0),I28>0,I28<20),AND(OR(K28=1,K28=0),I28>19,I28<51),AND(K28>1,K28<6,I28>0,I28<20)),"Simples",IF(OR(AND(OR(K28=1,K28=0),I28>50),AND(K28>1,K28<6,I28>19,I28<51),AND(K28>5,I28>0,I28<20)),"Médio",IF(OR(AND(K28>1,K28<6,I28>50),AND(K28>5,I28>19,I28<51),AND(K28>5,I28>50)),"Complexo",""))), IF(G28="AIE",IF(OR(AND(OR(K28=1, K28=0),I28>0,I28<20),AND(OR(K28=1, K28=0),I28>19,I28<51),AND(K28>1,K28<6,I28>0,I28<20)),"Simples",IF(OR(AND(OR(K28=1, K28=0),I28>50),AND(K28>1,K28<6,I28>19,I28<51),AND(K28>5,I28>0,I28<20)),"Médio",IF(OR(AND(K28>1,K28<6,I28>50),AND(K28>5,I28>19,I28<51),AND(K28>5,I28>50)),"Complexo",""))),"")) | O28: =IF(M28="",N28,IF(N28="",M28,"")) | P28: =IF(AND(OR(G28="EE",G28="CE"),O28="Simples"),3, IF(AND(OR(G28="EE",G28="CE"),O28="Médio"),4, IF(AND(OR(G28="EE",G28="CE"),O28="Complexo"),6, IF(AND(G28="SE",O28="Simples"),4, IF(AND(G28="SE",O28="Médio"),5, IF(AND(G28="SE",O28="Complexo"),7,0)))))) -> 0 | Q28: =IF(AND(G28="ALI",N28="Simples"),7, IF(AND(G28="ALI",N28="Médio"),10, IF(AND(G28="ALI",N28="Complexo"),15, IF(AND(G28="AIE",N28="Simples"),5, IF(AND(G28="AIE",N28="Médio"),7, IF(AND(G28="AIE",N28="Complexo"),10,0)))))) -> 0 | R28: =IF(G28="INM",C28*H28,IF(AND(OR(G28="EE",G28="CE"),O28="Simples"),3, IF(AND(OR(G28="EE",G28="CE"),O28="Médio"),4, IF(AND(OR(G28="EE",G28="CE"),O28="Complexo"),6, IF(AND(G28="SE",O28="Simples"),4, IF(AND(G28="SE",O28="Médio"),5, IF(AND(G28="SE",O28="Complexo"),7, IF(AND(G28="ALI",O28="Médio"),10, IF(AND(G28="ALI",O28="Simples"),7, IF(AND(G28="ALI",O28="Complexo"),15, IF(AND(G28="AIE",O28="Simples"),5, IF(AND(G28="AIE",O28="Médio"),7, IF(AND(G28="AIE",O28="Complexo"),10,0)) ))))))))))) -> 0 | S28: =IF(G28="INM",C28*H28,IF(B28<>"Manutenção em interface",IF(B28<>"Desenv., Manutenção e Publicação de Páginas Estáticas",(P28+Q28)*C28,C28),C28)) -> 0 | Y28: =IF(X28<>"",VLOOKUP(X28,'Tipo Projeto'!$A$3:$B$44,2,0),0) -> 0 | AE28: =IF(Z28="EE",IF(OR(AND(OR(AC28=1,AC28=0),AA28>0,AA28<5),AND(OR(AC28=1,AC28=0),AA28>4,AA28<16),AND(AC28=2,AA28>0,AA28<5)),"Simples",IF(OR(AND(OR(AC28=1,AC28=0),AA28>15),AND(AC28=2,AA28>4,AA28<16),AND(AC28>2,AA28>0,AA28<5)),"Médio",IF(OR(AND(AC28=2,AA28>15),AND(AC28>2,AA28>4,AA28<16),AND(AC28>2,AA28>15)),"Complexo",""))), IF(OR(Z28="CE",Z28="SE"),IF(OR(AND(OR(AC28=1,AC28=0),AA28>0,AA28<6),AND(OR(AC28=1,AC28=0),AA28>5,AA28<20),AND(AC28>1,AC28<4,AA28>0,AA28<6)),"Simples",IF(OR(AND(OR(AC28=1,AC28=0),AA28>19),AND(AC28>1,AC28<4,AA28>5,AA28<20),AND(AC28>3,AA28>0,AA28<6)),"Médio",IF(OR(AND(AC28>1,AC28<4,AA28>19),AND(AC28>3,AA28>5,AA28<20),AND(AC28>3,AA28>19)),"Complexo",""))),"")) | AF28: =IF(Z28="ALI",IF(OR(AND(OR(AC28=1,AC28=0),AA28>0,AA28<20),AND(OR(AC28=1,AC28=0),AA28>19,AA28<51),AND(AC28>1,AC28<6,AA28>0,AA28<20)),"Simples",IF(OR(AND(OR(AC28=1,AC28=0),AA28>50),AND(AC28>1,AC28<6,AA28>19,AA28<51),AND(AC28>5,AA28>0,AA28<20)),"Médio",IF(OR(AND(AC28>1,AC28<6,AA28>50),AND(AC28>5,AA28>19,AA28<51),AND(AC28>5,AA28>50)),"Complexo",""))), IF(Z28="AIE",IF(OR(AND(OR(AC28=1, AC28=0),AA28>0,AA28<20),AND(OR(AC28=1, AC28=0),AA28>19,AA28<51),AND(AC28>1,AC28<6,AA28>0,AA28<20)),"Simples",IF(OR(AND(OR(AC28=1, AC28=0),AA28>50),AND(AC28>1,AC28<6,AA28>19,AA28<51),AND(AC28>5,AA28>0,AA28<20)),"Médio",IF(OR(AND(AC28>1,AC28<6,AA28>50),AND(AC28>5,AA28>19,AA28<51),AND(AC28>5,AA28>50)),"Complexo",""))),"")) | AG28: =IF(AE28="",AF28,IF(AF28="",AE28,"")) | AH28: =IF(AND(OR(Z28="EE",Z28="CE"),AG28="Simples"),3, IF(AND(OR(Z28="EE",Z28="CE"),AG28="Médio"),4, IF(AND(OR(Z28="EE",Z28="CE"),AG28="Complexo"),6, IF(AND(Z28="SE",AG28="Simples"),4, IF(AND(Z28="SE",AG28="Médio"),5, IF(AND(Z28="SE",AG28="Complexo"),7,0)))))) -> 0 | AI28: =IF(AND(Z28="ALI",AF28="Simples"),7, IF(AND(Z28="ALI",AF28="Médio"),10, IF(AND(Z28="ALI",AF28="Complexo"),15, IF(AND(Z28="AIE",AF28="Simples"),5, IF(AND(Z28="AIE",AF28="Médio"),7, IF(AND(Z28="AIE",AF28="Complexo"),10,0)))))) -> 0 | AJ28: =IF(W28="OK",S28,( IF(X28<>"Manutenção em interface",IF(X28<>"Desenv., Manutenção e Publicação de Páginas Estáticas",(AH28+AI28)*Y28,Y28),Y28))) -> 0 | AP28: =IF(AJ28=0,"",IF(AJ28=S28,"OK","Divergente"))
B29: Guia de Métricas da STI - Aplicação/Desenvolvimento | C29: =IF(B29<>"",VLOOKUP(B29,'Tipo Projeto'!$A$3:$B$44,2,0),0) -> 1 | D29: Tipo de participante | F29: Pesquisar Tipo de Participante | G29: SE | I29: 8 | J29: Nome Situação Descrição Formulário Qtd Campos Situação Ação Mensagem | K29: 1 | L29: Tipo de Participante | M29: =IF(G29="EE",IF(OR(AND(OR(K29=1,K29=0),I29>0,I29<5),AND(OR(K29=1,K29=0),I29>4,I29<16),AND(K29=2,I29>0,I29<5)),"Simples",IF(OR(AND(OR(K29=1,K29=0),I29>15),AND(K29=2,I29>4,I29<16),AND(K29>2,I29>0,I29<5)),"Médio",IF(OR(AND(K29=2,I29>15),AND(K29>2,I29>4,I29<16),AND(K29>2,I29>15)),"Complexo",""))), IF(OR(G29="CE",G29="SE"),IF(OR(AND(OR(K29=1,K29=0),I29>0,I29<6),AND(OR(K29=1,K29=0),I29>5,I29<20),AND(K29>1,K29<4,I29>0,I29<6)),"Simples",IF(OR(AND(OR(K29=1,K29=0),I29>19),AND(K29>1,K29<4,I29>5,I29<20),AND(K29>3,I29>0,I29<6)),"Médio",IF(OR(AND(K29>1,K29<4,I29>19),AND(K29>3,I29>5,I29<20),AND(K29>3,I29>19)),"Complexo",""))),"")) -> Simples | N29: =IF(G29="ALI",IF(OR(AND(OR(K29=1,K29=0),I29>0,I29<20),AND(OR(K29=1,K29=0),I29>19,I29<51),AND(K29>1,K29<6,I29>0,I29<20)),"Simples",IF(OR(AND(OR(K29=1,K29=0),I29>50),AND(K29>1,K29<6,I29>19,I29<51),AND(K29>5,I29>0,I29<20)),"Médio",IF(OR(AND(K29>1,K29<6,I29>50),AND(K29>5,I29>19,I29<51),AND(K29>5,I29>50)),"Complexo",""))), IF(G29="AIE",IF(OR(AND(OR(K29=1, K29=0),I29>0,I29<20),AND(OR(K29=1, K29=0),I29>19,I29<51),AND(K29>1,K29<6,I29>0,I29<20)),"Simples",IF(OR(AND(OR(K29=1, K29=0),I29>50),AND(K29>1,K29<6,I29>19,I29<51),AND(K29>5,I29>0,I29<20)),"Médio",IF(OR(AND(K29>1,K29<6,I29>50),AND(K29>5,I29>19,I29<51),AND(K29>5,I29>50)),"Complexo",""))),"")) | O29: =IF(M29="",N29,IF(N29="",M29,"")) -> Simples | P29: =IF(AND(OR(G29="EE",G29="CE"),O29="Simples"),3, IF(AND(OR(G29="EE",G29="CE"),O29="Médio"),4, IF(AND(OR(G29="EE",G29="CE"),O29="Complexo"),6, IF(AND(G29="SE",O29="Simples"),4, IF(AND(G29="SE",O29="Médio"),5, IF(AND(G29="SE",O29="Complexo"),7,0)))))) -> 4 | Q29: =IF(AND(G29="ALI",N29="Simples"),7, IF(AND(G29="ALI",N29="Médio"),10, IF(AND(G29="ALI",N29="Complexo"),15, IF(AND(G29="AIE",N29="Simples"),5, IF(AND(G29="AIE",N29="Médio"),7, IF(AND(G29="AIE",N29="Complexo"),10,0)))))) -> 0 | R29: =IF(G29="INM",C29*H29,IF(AND(OR(G29="EE",G29="CE"),O29="Simples"),3, IF(AND(OR(G29="EE",G29="CE"),O29="Médio"),4, IF(AND(OR(G29="EE",G29="CE"),O29="Complexo"),6, IF(AND(G29="SE",O29="Simples"),4, IF(AND(G29="SE",O29="Médio"),5, IF(AND(G29="SE",O29="Complexo"),7, IF(AND(G29="ALI",O29="Médio"),10, IF(AND(G29="ALI",O29="Simples"),7, IF(AND(G29="ALI",O29="Complexo"),15, IF(AND(G29="AIE",O29="Simples"),5, IF(AND(G29="AIE",O29="Médio"),7, IF(AND(G29="AIE",O29="Complexo"),10,0)) ))))))))))) -> 4 | S29: =IF(G29="INM",C29*H29,IF(B29<>"Manutenção em interface",IF(B29<>"Desenv., Manutenção e Publicação de Páginas Estáticas",(P29+Q29)*C29,C29),C29)) -> 4 | T29: PDTIC25093-18 | Y29: =IF(X29<>"",VLOOKUP(X29,'Tipo Projeto'!$A$3:$B$44,2,0),0) -> 0 | AE29: =IF(Z29="EE",IF(OR(AND(OR(AC29=1,AC29=0),AA29>0,AA29<5),AND(OR(AC29=1,AC29=0),AA29>4,AA29<16),AND(AC29=2,AA29>0,AA29<5)),"Simples",IF(OR(AND(OR(AC29=1,AC29=0),AA29>15),AND(AC29=2,AA29>4,AA29<16),AND(AC29>2,AA29>0,AA29<5)),"Médio",IF(OR(AND(AC29=2,AA29>15),AND(AC29>2,AA29>4,AA29<16),AND(AC29>2,AA29>15)),"Complexo",""))), IF(OR(Z29="CE",Z29="SE"),IF(OR(AND(OR(AC29=1,AC29=0),AA29>0,AA29<6),AND(OR(AC29=1,AC29=0),AA29>5,AA29<20),AND(AC29>1,AC29<4,AA29>0,AA29<6)),"Simples",IF(OR(AND(OR(AC29=1,AC29=0),AA29>19),AND(AC29>1,AC29<4,AA29>5,AA29<20),AND(AC29>3,AA29>0,AA29<6)),"Médio",IF(OR(AND(AC29>1,AC29<4,AA29>19),AND(AC29>3,AA29>5,AA29<20),AND(AC29>3,AA29>19)),"Complexo",""))),"")) | AF29: =IF(Z29="ALI",IF(OR(AND(OR(AC29=1,AC29=0),AA29>0,AA29<20),AND(OR(AC29=1,AC29=0),AA29>19,AA29<51),AND(AC29>1,AC29<6,AA29>0,AA29<20)),"Simples",IF(OR(AND(OR(AC29=1,AC29=0),AA29>50),AND(AC29>1,AC29<6,AA29>19,AA29<51),AND(AC29>5,AA29>0,AA29<20)),"Médio",IF(OR(AND(AC29>1,AC29<6,AA29>50),AND(AC29>5,AA29>19,AA29<51),AND(AC29>5,AA29>50)),"Complexo",""))), IF(Z29="AIE",IF(OR(AND(OR(AC29=1, AC29=0),AA29>0,AA29<20),AND(OR(AC29=1, AC29=0),AA29>19,AA29<51),AND(AC29>1,AC29<6,AA29>0,AA29<20)),"Simples",IF(OR(AND(OR(AC29=1, AC29=0),AA29>50),AND(AC29>1,AC29<6,AA29>19,AA29<51),AND(AC29>5,AA29>0,AA29<20)),"Médio",IF(OR(AND(AC29>1,AC29<6,AA29>50),AND(AC29>5,AA29>19,AA29<51),AND(AC29>5,AA29>50)),"Complexo",""))),"")) | AG29: =IF(AE29="",AF29,IF(AF29="",AE29,"")) | AH29: =IF(AND(OR(Z29="EE",Z29="CE"),AG29="Simples"),3, IF(AND(OR(Z29="EE",Z29="CE"),AG29="Médio"),4, IF(AND(OR(Z29="EE",Z29="CE"),AG29="Complexo"),6, IF(AND(Z29="SE",AG29="Simples"),4, IF(AND(Z29="SE",AG29="Médio"),5, IF(AND(Z29="SE",AG29="Complexo"),7,0)))))) -> 0 | AI29: =IF(AND(Z29="ALI",AF29="Simples"),7, IF(AND(Z29="ALI",AF29="Médio"),10, IF(AND(Z29="ALI",AF29="Complexo"),15, IF(AND(Z29="AIE",AF29="Simples"),5, IF(AND(Z29="AIE",AF29="Médio"),7, IF(AND(Z29="AIE",AF29="Complexo"),10,0)))))) -> 0 | AJ29: =IF(W29="OK",S29,( IF(X29<>"Manutenção em interface",IF(X29<>"Desenv., Manutenção e Publicação de Páginas Estáticas",(AH29+AI29)*Y29,Y29),Y29))) -> 0 | AP29: =IF(AJ29=0,"",IF(AJ29=S29,"OK","Divergente"))
B30: Guia de Métricas da STI - Aplicação/Desenvolvimento | C30: =IF(B30<>"",VLOOKUP(B30,'Tipo Projeto'!$A$3:$B$44,2,0),0) -> 1 | D30: Tipo de participante | F30: Incluir Tipo de Participante | G30: EE | I30: 4 | J30: Nome Descrição Ação Mensagem | K30: 1 | L30: Tipo Participante | M30: =IF(G30="EE",IF(OR(AND(OR(K30=1,K30=0),I30>0,I30<5),AND(OR(K30=1,K30=0),I30>4,I30<16),AND(K30=2,I30>0,I30<5)),"Simples",IF(OR(AND(OR(K30=1,K30=0),I30>15),AND(K30=2,I30>4,I30<16),AND(K30>2,I30>0,I30<5)),"Médio",IF(OR(AND(K30=2,I30>15),AND(K30>2,I30>4,I30<16),AND(K30>2,I30>15)),"Complexo",""))), IF(OR(G30="CE",G30="SE"),IF(OR(AND(OR(K30=1,K30=0),I30>0,I30<6),AND(OR(K30=1,K30=0),I30>5,I30<20),AND(K30>1,K30<4,I30>0,I30<6)),"Simples",IF(OR(AND(OR(K30=1,K30=0),I30>19),AND(K30>1,K30<4,I30>5,I30<20),AND(K30>3,I30>0,I30<6)),"Médio",IF(OR(AND(K30>1,K30<4,I30>19),AND(K30>3,I30>5,I30<20),AND(K30>3,I30>19)),"Complexo",""))),"")) -> Simples | N30: =IF(G30="ALI",IF(OR(AND(OR(K30=1,K30=0),I30>0,I30<20),AND(OR(K30=1,K30=0),I30>19,I30<51),AND(K30>1,K30<6,I30>0,I30<20)),"Simples",IF(OR(AND(OR(K30=1,K30=0),I30>50),AND(K30>1,K30<6,I30>19,I30<51),AND(K30>5,I30>0,I30<20)),"Médio",IF(OR(AND(K30>1,K30<6,I30>50),AND(K30>5,I30>19,I30<51),AND(K30>5,I30>50)),"Complexo",""))), IF(G30="AIE",IF(OR(AND(OR(K30=1, K30=0),I30>0,I30<20),AND(OR(K30=1, K30=0),I30>19,I30<51),AND(K30>1,K30<6,I30>0,I30<20)),"Simples",IF(OR(AND(OR(K30=1, K30=0),I30>50),AND(K30>1,K30<6,I30>19,I30<51),AND(K30>5,I30>0,I30<20)),"Médio",IF(OR(AND(K30>1,K30<6,I30>50),AND(K30>5,I30>19,I30<51),AND(K30>5,I30>50)),"Complexo",""))),"")) | O30: =IF(M30="",N30,IF(N30="",M30,"")) -> Simples | P30: =IF(AND(OR(G30="EE",G30="CE"),O30="Simples"),3, IF(AND(OR(G30="EE",G30="CE"),O30="Médio"),4, IF(AND(OR(G30="EE",G30="CE"),O30="Complexo"),6, IF(AND(G30="SE",O30="Simples"),4, IF(AND(G30="SE",O30="Médio"),5, IF(AND(G30="SE",O30="Complexo"),7,0)))))) -> 3 | Q30: =IF(AND(G30="ALI",N30="Simples"),7, IF(AND(G30="ALI",N30="Médio"),10, IF(AND(G30="ALI",N30="Complexo"),15, IF(AND(G30="AIE",N30="Simples"),5, IF(AND(G30="AIE",N30="Médio"),7, IF(AND(G30="AIE",N30="Complexo"),10,0)))))) -> 0 | R30: =IF(G30="INM",C30*H30,IF(AND(OR(G30="EE",G30="CE"),O30="Simples"),3, IF(AND(OR(G30="EE",G30="CE"),O30="Médio"),4, IF(AND(OR(G30="EE",G30="CE"),O30="Complexo"),6, IF(AND(G30="SE",O30="Simples"),4, IF(AND(G30="SE",O30="Médio"),5, IF(AND(G30="SE",O30="Complexo"),7, IF(AND(G30="ALI",O30="Médio"),10, IF(AND(G30="ALI",O30="Simples"),7, IF(AND(G30="ALI",O30="Complexo"),15, IF(AND(G30="AIE",O30="Simples"),5, IF(AND(G30="AIE",O30="Médio"),7, IF(AND(G30="AIE",O30="Complexo"),10,0)) ))))))))))) -> 3 | S30: =IF(G30="INM",C30*H30,IF(B30<>"Manutenção em interface",IF(B30<>"Desenv., Manutenção e Publicação de Páginas Estáticas",(P30+Q30)*C30,C30),C30)) -> 3 | T30: PDTIC25093-18 | Y30: =IF(X30<>"",VLOOKUP(X30,'Tipo Projeto'!$A$3:$B$44,2,0),0) -> 0 | AE30: =IF(Z30="EE",IF(OR(AND(OR(AC30=1,AC30=0),AA30>0,AA30<5),AND(OR(AC30=1,AC30=0),AA30>4,AA30<16),AND(AC30=2,AA30>0,AA30<5)),"Simples",IF(OR(AND(OR(AC30=1,AC30=0),AA30>15),AND(AC30=2,AA30>4,AA30<16),AND(AC30>2,AA30>0,AA30<5)),"Médio",IF(OR(AND(AC30=2,AA30>15),AND(AC30>2,AA30>4,AA30<16),AND(AC30>2,AA30>15)),"Complexo",""))), IF(OR(Z30="CE",Z30="SE"),IF(OR(AND(OR(AC30=1,AC30=0),AA30>0,AA30<6),AND(OR(AC30=1,AC30=0),AA30>5,AA30<20),AND(AC30>1,AC30<4,AA30>0,AA30<6)),"Simples",IF(OR(AND(OR(AC30=1,AC30=0),AA30>19),AND(AC30>1,AC30<4,AA30>5,AA30<20),AND(AC30>3,AA30>0,AA30<6)),"Médio",IF(OR(AND(AC30>1,AC30<4,AA30>19),AND(AC30>3,AA30>5,AA30<20),AND(AC30>3,AA30>19)),"Complexo",""))),"")) | AF30: =IF(Z30="ALI",IF(OR(AND(OR(AC30=1,AC30=0),AA30>0,AA30<20),AND(OR(AC30=1,AC30=0),AA30>19,AA30<51),AND(AC30>1,AC30<6,AA30>0,AA30<20)),"Simples",IF(OR(AND(OR(AC30=1,AC30=0),AA30>50),AND(AC30>1,AC30<6,AA30>19,AA30<51),AND(AC30>5,AA30>0,AA30<20)),"Médio",IF(OR(AND(AC30>1,AC30<6,AA30>50),AND(AC30>5,AA30>19,AA30<51),AND(AC30>5,AA30>50)),"Complexo",""))), IF(Z30="AIE",IF(OR(AND(OR(AC30=1, AC30=0),AA30>0,AA30<20),AND(OR(AC30=1, AC30=0),AA30>19,AA30<51),AND(AC30>1,AC30<6,AA30>0,AA30<20)),"Simples",IF(OR(AND(OR(AC30=1, AC30=0),AA30>50),AND(AC30>1,AC30<6,AA30>19,AA30<51),AND(AC30>5,AA30>0,AA30<20)),"Médio",IF(OR(AND(AC30>1,AC30<6,AA30>50),AND(AC30>5,AA30>19,AA30<51),AND(AC30>5,AA30>50)),"Complexo",""))),"")) | AG30: =IF(AE30="",AF30,IF(AF30="",AE30,"")) | AH30: =IF(AND(OR(Z30="EE",Z30="CE"),AG30="Simples"),3, IF(AND(OR(Z30="EE",Z30="CE"),AG30="Médio"),4, IF(AND(OR(Z30="EE",Z30="CE"),AG30="Complexo"),6, IF(AND(Z30="SE",AG30="Simples"),4, IF(AND(Z30="SE",AG30="Médio"),5, IF(AND(Z30="SE",AG30="Complexo"),7,0)))))) -> 0 | AI30: =IF(AND(Z30="ALI",AF30="Simples"),7, IF(AND(Z30="ALI",AF30="Médio"),10, IF(AND(Z30="ALI",AF30="Complexo"),15, IF(AND(Z30="AIE",AF30="Simples"),5, IF(AND(Z30="AIE",AF30="Médio"),7, IF(AND(Z30="AIE",AF30="Complexo"),10,0)))))) -> 0 | AJ30: =IF(W30="OK",S30,( IF(X30<>"Manutenção em interface",IF(X30<>"Desenv., Manutenção e Publicação de Páginas Estáticas",(AH30+AI30)*Y30,Y30),Y30))) -> 0 | AP30: =IF(AJ30=0,"",IF(AJ30=S30,"OK","Divergente"))
B31: Guia de Métricas da STI - Aplicação/Desenvolvimento | C31: =IF(B31<>"",VLOOKUP(B31,'Tipo Projeto'!$A$3:$B$44,2,0),0) -> 1 | D31: Tipo de participante | F31: Consutar Tipo de Participante (implícita) | G31: SE | I31: 15 | J31: Nome Descrição Premiação Categoria Modalidade ID do Vinculo Situação Seção Campo Sub Modalidades Equipe Anexos Questionário Qtd questões Ações | K31: 4 | L31: Tipo Participante Premiação Modalidade Categoria | M31: =IF(G31="EE",IF(OR(AND(OR(K31=1,K31=0),I31>0,I31<5),AND(OR(K31=1,K31=0),I31>4,I31<16),AND(K31=2,I31>0,I31<5)),"Simples",IF(OR(AND(OR(K31=1,K31=0),I31>15),AND(K31=2,I31>4,I31<16),AND(K31>2,I31>0,I31<5)),"Médio",IF(OR(AND(K31=2,I31>15),AND(K31>2,I31>4,I31<16),AND(K31>2,I31>15)),"Complexo",""))), IF(OR(G31="CE",G31="SE"),IF(OR(AND(OR(K31=1,K31=0),I31>0,I31<6),AND(OR(K31=1,K31=0),I31>5,I31<20),AND(K31>1,K31<4,I31>0,I31<6)),"Simples",IF(OR(AND(OR(K31=1,K31=0),I31>19),AND(K31>1,K31<4,I31>5,I31<20),AND(K31>3,I31>0,I31<6)),"Médio",IF(OR(AND(K31>1,K31<4,I31>19),AND(K31>3,I31>5,I31<20),AND(K31>3,I31>19)),"Complexo",""))),"")) -> Complexo | N31: =IF(G31="ALI",IF(OR(AND(OR(K31=1,K31=0),I31>0,I31<20),AND(OR(K31=1,K31=0),I31>19,I31<51),AND(K31>1,K31<6,I31>0,I31<20)),"Simples",IF(OR(AND(OR(K31=1,K31=0),I31>50),AND(K31>1,K31<6,I31>19,I31<51),AND(K31>5,I31>0,I31<20)),"Médio",IF(OR(AND(K31>1,K31<6,I31>50),AND(K31>5,I31>19,I31<51),AND(K31>5,I31>50)),"Complexo",""))), IF(G31="AIE",IF(OR(AND(OR(K31=1, K31=0),I31>0,I31<20),AND(OR(K31=1, K31=0),I31>19,I31<51),AND(K31>1,K31<6,I31>0,I31<20)),"Simples",IF(OR(AND(OR(K31=1, K31=0),I31>50),AND(K31>1,K31<6,I31>19,I31<51),AND(K31>5,I31>0,I31<20)),"Médio",IF(OR(AND(K31>1,K31<6,I31>50),AND(K31>5,I31>19,I31<51),AND(K31>5,I31>50)),"Complexo",""))),"")) | O31: =IF(M31="",N31,IF(N31="",M31,"")) -> Complexo | P31: =IF(AND(OR(G31="EE",G31="CE"),O31="Simples"),3, IF(AND(OR(G31="EE",G31="CE"),O31="Médio"),4, IF(AND(OR(G31="EE",G31="CE"),O31="Complexo"),6, IF(AND(G31="SE",O31="Simples"),4, IF(AND(G31="SE",O31="Médio"),5, IF(AND(G31="SE",O31="Complexo"),7,0)))))) -> 7 | Q31: =IF(AND(G31="ALI",N31="Simples"),7, IF(AND(G31="ALI",N31="Médio"),10, IF(AND(G31="ALI",N31="Complexo"),15, IF(AND(G31="AIE",N31="Simples"),5, IF(AND(G31="AIE",N31="Médio"),7, IF(AND(G31="AIE",N31="Complexo"),10,0)))))) -> 0 | R31: =IF(G31="INM",C31*H31,IF(AND(OR(G31="EE",G31="CE"),O31="Simples"),3, IF(AND(OR(G31="EE",G31="CE"),O31="Médio"),4, IF(AND(OR(G31="EE",G31="CE"),O31="Complexo"),6, IF(AND(G31="SE",O31="Simples"),4, IF(AND(G31="SE",O31="Médio"),5, IF(AND(G31="SE",O31="Complexo"),7, IF(AND(G31="ALI",O31="Médio"),10, IF(AND(G31="ALI",O31="Simples"),7, IF(AND(G31="ALI",O31="Complexo"),15, IF(AND(G31="AIE",O31="Simples"),5, IF(AND(G31="AIE",O31="Médio"),7, IF(AND(G31="AIE",O31="Complexo"),10,0)) ))))))))))) -> 7 | S31: =IF(G31="INM",C31*H31,IF(B31<>"Manutenção em interface",IF(B31<>"Desenv., Manutenção e Publicação de Páginas Estáticas",(P31+Q31)*C31,C31),C31)) -> 7 | T31: PDTIC25093-18 | Y31: =IF(X31<>"",VLOOKUP(X31,'Tipo Projeto'!$A$3:$B$44,2,0),0) -> 0 | AE31: =IF(Z31="EE",IF(OR(AND(OR(AC31=1,AC31=0),AA31>0,AA31<5),AND(OR(AC31=1,AC31=0),AA31>4,AA31<16),AND(AC31=2,AA31>0,AA31<5)),"Simples",IF(OR(AND(OR(AC31=1,AC31=0),AA31>15),AND(AC31=2,AA31>4,AA31<16),AND(AC31>2,AA31>0,AA31<5)),"Médio",IF(OR(AND(AC31=2,AA31>15),AND(AC31>2,AA31>4,AA31<16),AND(AC31>2,AA31>15)),"Complexo",""))), IF(OR(Z31="CE",Z31="SE"),IF(OR(AND(OR(AC31=1,AC31=0),AA31>0,AA31<6),AND(OR(AC31=1,AC31=0),AA31>5,AA31<20),AND(AC31>1,AC31<4,AA31>0,AA31<6)),"Simples",IF(OR(AND(OR(AC31=1,AC31=0),AA31>19),AND(AC31>1,AC31<4,AA31>5,AA31<20),AND(AC31>3,AA31>0,AA31<6)),"Médio",IF(OR(AND(AC31>1,AC31<4,AA31>19),AND(AC31>3,AA31>5,AA31<20),AND(AC31>3,AA31>19)),"Complexo",""))),"")) | AF31: =IF(Z31="ALI",IF(OR(AND(OR(AC31=1,AC31=0),AA31>0,AA31<20),AND(OR(AC31=1,AC31=0),AA31>19,AA31<51),AND(AC31>1,AC31<6,AA31>0,AA31<20)),"Simples",IF(OR(AND(OR(AC31=1,AC31=0),AA31>50),AND(AC31>1,AC31<6,AA31>19,AA31<51),AND(AC31>5,AA31>0,AA31<20)),"Médio",IF(OR(AND(AC31>1,AC31<6,AA31>50),AND(AC31>5,AA31>19,AA31<51),AND(AC31>5,AA31>50)),"Complexo",""))), IF(Z31="AIE",IF(OR(AND(OR(AC31=1, AC31=0),AA31>0,AA31<20),AND(OR(AC31=1, AC31=0),AA31>19,AA31<51),AND(AC31>1,AC31<6,AA31>0,AA31<20)),"Simples",IF(OR(AND(OR(AC31=1, AC31=0),AA31>50),AND(AC31>1,AC31<6,AA31>19,AA31<51),AND(AC31>5,AA31>0,AA31<20)),"Médio",IF(OR(AND(AC31>1,AC31<6,AA31>50),AND(AC31>5,AA31>19,AA31<51),AND(AC31>5,AA31>50)),"Complexo",""))),"")) | AG31: =IF(AE31="",AF31,IF(AF31="",AE31,"")) | AH31: =IF(AND(OR(Z31="EE",Z31="CE"),AG31="Simples"),3, IF(AND(OR(Z31="EE",Z31="CE"),AG31="Médio"),4, IF(AND(OR(Z31="EE",Z31="CE"),AG31="Complexo"),6, IF(AND(Z31="SE",AG31="Simples"),4, IF(AND(Z31="SE",AG31="Médio"),5, IF(AND(Z31="SE",AG31="Complexo"),7,0)))))) -> 0 | AI31: =IF(AND(Z31="ALI",AF31="Simples"),7, IF(AND(Z31="ALI",AF31="Médio"),10, IF(AND(Z31="ALI",AF31="Complexo"),15, IF(AND(Z31="AIE",AF31="Simples"),5, IF(AND(Z31="AIE",AF31="Médio"),7, IF(AND(Z31="AIE",AF31="Complexo"),10,0)))))) -> 0 | AJ31: =IF(W31="OK",S31,( IF(X31<>"Manutenção em interface",IF(X31<>"Desenv., Manutenção e Publicação de Páginas Estáticas",(AH31+AI31)*Y31,Y31),Y31))) -> 0 | AP31: =IF(AJ31=0,"",IF(AJ31=S31,"OK","Divergente"))
B32: Guia de Métricas da STI - Aplicação/Desenvolvimento | C32: =IF(B32<>"",VLOOKUP(B32,'Tipo Projeto'!$A$3:$B$44,2,0),0) -> 1 | D32: Tipo de participante | F32: Editar Tipo de Participante | G32: EE | I32: 4 | J32: Nome Descrição Ação Mensagem | K32: 1 | L32: Tipo Participante | M32: =IF(G32="EE",IF(OR(AND(OR(K32=1,K32=0),I32>0,I32<5),AND(OR(K32=1,K32=0),I32>4,I32<16),AND(K32=2,I32>0,I32<5)),"Simples",IF(OR(AND(OR(K32=1,K32=0),I32>15),AND(K32=2,I32>4,I32<16),AND(K32>2,I32>0,I32<5)),"Médio",IF(OR(AND(K32=2,I32>15),AND(K32>2,I32>4,I32<16),AND(K32>2,I32>15)),"Complexo",""))), IF(OR(G32="CE",G32="SE"),IF(OR(AND(OR(K32=1,K32=0),I32>0,I32<6),AND(OR(K32=1,K32=0),I32>5,I32<20),AND(K32>1,K32<4,I32>0,I32<6)),"Simples",IF(OR(AND(OR(K32=1,K32=0),I32>19),AND(K32>1,K32<4,I32>5,I32<20),AND(K32>3,I32>0,I32<6)),"Médio",IF(OR(AND(K32>1,K32<4,I32>19),AND(K32>3,I32>5,I32<20),AND(K32>3,I32>19)),"Complexo",""))),"")) -> Simples | N32: =IF(G32="ALI",IF(OR(AND(OR(K32=1,K32=0),I32>0,I32<20),AND(OR(K32=1,K32=0),I32>19,I32<51),AND(K32>1,K32<6,I32>0,I32<20)),"Simples",IF(OR(AND(OR(K32=1,K32=0),I32>50),AND(K32>1,K32<6,I32>19,I32<51),AND(K32>5,I32>0,I32<20)),"Médio",IF(OR(AND(K32>1,K32<6,I32>50),AND(K32>5,I32>19,I32<51),AND(K32>5,I32>50)),"Complexo",""))), IF(G32="AIE",IF(OR(AND(OR(K32=1, K32=0),I32>0,I32<20),AND(OR(K32=1, K32=0),I32>19,I32<51),AND(K32>1,K32<6,I32>0,I32<20)),"Simples",IF(OR(AND(OR(K32=1, K32=0),I32>50),AND(K32>1,K32<6,I32>19,I32<51),AND(K32>5,I32>0,I32<20)),"Médio",IF(OR(AND(K32>1,K32<6,I32>50),AND(K32>5,I32>19,I32<51),AND(K32>5,I32>50)),"Complexo",""))),"")) | O32: =IF(M32="",N32,IF(N32="",M32,"")) -> Simples | P32: =IF(AND(OR(G32="EE",G32="CE"),O32="Simples"),3, IF(AND(OR(G32="EE",G32="CE"),O32="Médio"),4, IF(AND(OR(G32="EE",G32="CE"),O32="Complexo"),6, IF(AND(G32="SE",O32="Simples"),4, IF(AND(G32="SE",O32="Médio"),5, IF(AND(G32="SE",O32="Complexo"),7,0)))))) -> 3 | Q32: =IF(AND(G32="ALI",N32="Simples"),7, IF(AND(G32="ALI",N32="Médio"),10, IF(AND(G32="ALI",N32="Complexo"),15, IF(AND(G32="AIE",N32="Simples"),5, IF(AND(G32="AIE",N32="Médio"),7, IF(AND(G32="AIE",N32="Complexo"),10,0)))))) -> 0 | R32: =IF(G32="INM",C32*H32,IF(AND(OR(G32="EE",G32="CE"),O32="Simples"),3, IF(AND(OR(G32="EE",G32="CE"),O32="Médio"),4, IF(AND(OR(G32="EE",G32="CE"),O32="Complexo"),6, IF(AND(G32="SE",O32="Simples"),4, IF(AND(G32="SE",O32="Médio"),5, IF(AND(G32="SE",O32="Complexo"),7, IF(AND(G32="ALI",O32="Médio"),10, IF(AND(G32="ALI",O32="Simples"),7, IF(AND(G32="ALI",O32="Complexo"),15, IF(AND(G32="AIE",O32="Simples"),5, IF(AND(G32="AIE",O32="Médio"),7, IF(AND(G32="AIE",O32="Complexo"),10,0)) ))))))))))) -> 3 | S32: =IF(G32="INM",C32*H32,IF(B32<>"Manutenção em interface",IF(B32<>"Desenv., Manutenção e Publicação de Páginas Estáticas",(P32+Q32)*C32,C32),C32)) -> 3 | T32: PDTIC25093-18 | Y32: =IF(X32<>"",VLOOKUP(X32,'Tipo Projeto'!$A$3:$B$44,2,0),0) -> 0 | AE32: =IF(Z32="EE",IF(OR(AND(OR(AC32=1,AC32=0),AA32>0,AA32<5),AND(OR(AC32=1,AC32=0),AA32>4,AA32<16),AND(AC32=2,AA32>0,AA32<5)),"Simples",IF(OR(AND(OR(AC32=1,AC32=0),AA32>15),AND(AC32=2,AA32>4,AA32<16),AND(AC32>2,AA32>0,AA32<5)),"Médio",IF(OR(AND(AC32=2,AA32>15),AND(AC32>2,AA32>4,AA32<16),AND(AC32>2,AA32>15)),"Complexo",""))), IF(OR(Z32="CE",Z32="SE"),IF(OR(AND(OR(AC32=1,AC32=0),AA32>0,AA32<6),AND(OR(AC32=1,AC32=0),AA32>5,AA32<20),AND(AC32>1,AC32<4,AA32>0,AA32<6)),"Simples",IF(OR(AND(OR(AC32=1,AC32=0),AA32>19),AND(AC32>1,AC32<4,AA32>5,AA32<20),AND(AC32>3,AA32>0,AA32<6)),"Médio",IF(OR(AND(AC32>1,AC32<4,AA32>19),AND(AC32>3,AA32>5,AA32<20),AND(AC32>3,AA32>19)),"Complexo",""))),"")) | AF32: =IF(Z32="ALI",IF(OR(AND(OR(AC32=1,AC32=0),AA32>0,AA32<20),AND(OR(AC32=1,AC32=0),AA32>19,AA32<51),AND(AC32>1,AC32<6,AA32>0,AA32<20)),"Simples",IF(OR(AND(OR(AC32=1,AC32=0),AA32>50),AND(AC32>1,AC32<6,AA32>19,AA32<51),AND(AC32>5,AA32>0,AA32<20)),"Médio",IF(OR(AND(AC32>1,AC32<6,AA32>50),AND(AC32>5,AA32>19,AA32<51),AND(AC32>5,AA32>50)),"Complexo",""))), IF(Z32="AIE",IF(OR(AND(OR(AC32=1, AC32=0),AA32>0,AA32<20),AND(OR(AC32=1, AC32=0),AA32>19,AA32<51),AND(AC32>1,AC32<6,AA32>0,AA32<20)),"Simples",IF(OR(AND(OR(AC32=1, AC32=0),AA32>50),AND(AC32>1,AC32<6,AA32>19,AA32<51),AND(AC32>5,AA32>0,AA32<20)),"Médio",IF(OR(AND(AC32>1,AC32<6,AA32>50),AND(AC32>5,AA32>19,AA32<51),AND(AC32>5,AA32>50)),"Complexo",""))),"")) | AG32: =IF(AE32="",AF32,IF(AF32="",AE32,"")) | AH32: =IF(AND(OR(Z32="EE",Z32="CE"),AG32="Simples"),3, IF(AND(OR(Z32="EE",Z32="CE"),AG32="Médio"),4, IF(AND(OR(Z32="EE",Z32="CE"),AG32="Complexo"),6, IF(AND(Z32="SE",AG32="Simples"),4, IF(AND(Z32="SE",AG32="Médio"),5, IF(AND(Z32="SE",AG32="Complexo"),7,0)))))) -> 0 | AI32: =IF(AND(Z32="ALI",AF32="Simples"),7, IF(AND(Z32="ALI",AF32="Médio"),10, IF(AND(Z32="ALI",AF32="Complexo"),15, IF(AND(Z32="AIE",AF32="Simples"),5, IF(AND(Z32="AIE",AF32="Médio"),7, IF(AND(Z32="AIE",AF32="Complexo"),10,0)))))) -> 0 | AJ32: =IF(W32="OK",S32,( IF(X32<>"Manutenção em interface",IF(X32<>"Desenv., Manutenção e Publicação de Páginas Estáticas",(AH32+AI32)*Y32,Y32),Y32))) -> 0 | AP32: =IF(AJ32=0,"",IF(AJ32=S32,"OK","Divergente"))
B33: Guia de Métricas da STI - Aplicação/Desenvolvimento | C33: =IF(B33<>"",VLOOKUP(B33,'Tipo Projeto'!$A$3:$B$44,2,0),0) -> 1 | D33: Tipo de participante | F33: Detalhar Tipo de Participante | G33: SE | M33: =IF(G33="EE",IF(OR(AND(OR(K33=1,K33=0),I33>0,I33<5),AND(OR(K33=1,K33=0),I33>4,I33<16),AND(K33=2,I33>0,I33<5)),"Simples",IF(OR(AND(OR(K33=1,K33=0),I33>15),AND(K33=2,I33>4,I33<16),AND(K33>2,I33>0,I33<5)),"Médio",IF(OR(AND(K33=2,I33>15),AND(K33>2,I33>4,I33<16),AND(K33>2,I33>15)),"Complexo",""))), IF(OR(G33="CE",G33="SE"),IF(OR(AND(OR(K33=1,K33=0),I33>0,I33<6),AND(OR(K33=1,K33=0),I33>5,I33<20),AND(K33>1,K33<4,I33>0,I33<6)),"Simples",IF(OR(AND(OR(K33=1,K33=0),I33>19),AND(K33>1,K33<4,I33>5,I33<20),AND(K33>3,I33>0,I33<6)),"Médio",IF(OR(AND(K33>1,K33<4,I33>19),AND(K33>3,I33>5,I33<20),AND(K33>3,I33>19)),"Complexo",""))),"")) | N33: =IF(G33="ALI",IF(OR(AND(OR(K33=1,K33=0),I33>0,I33<20),AND(OR(K33=1,K33=0),I33>19,I33<51),AND(K33>1,K33<6,I33>0,I33<20)),"Simples",IF(OR(AND(OR(K33=1,K33=0),I33>50),AND(K33>1,K33<6,I33>19,I33<51),AND(K33>5,I33>0,I33<20)),"Médio",IF(OR(AND(K33>1,K33<6,I33>50),AND(K33>5,I33>19,I33<51),AND(K33>5,I33>50)),"Complexo",""))), IF(G33="AIE",IF(OR(AND(OR(K33=1, K33=0),I33>0,I33<20),AND(OR(K33=1, K33=0),I33>19,I33<51),AND(K33>1,K33<6,I33>0,I33<20)),"Simples",IF(OR(AND(OR(K33=1, K33=0),I33>50),AND(K33>1,K33<6,I33>19,I33<51),AND(K33>5,I33>0,I33<20)),"Médio",IF(OR(AND(K33>1,K33<6,I33>50),AND(K33>5,I33>19,I33<51),AND(K33>5,I33>50)),"Complexo",""))),"")) | O33: =IF(M33="",N33,IF(N33="",M33,"")) | P33: =IF(AND(OR(G33="EE",G33="CE"),O33="Simples"),3, IF(AND(OR(G33="EE",G33="CE"),O33="Médio"),4, IF(AND(OR(G33="EE",G33="CE"),O33="Complexo"),6, IF(AND(G33="SE",O33="Simples"),4, IF(AND(G33="SE",O33="Médio"),5, IF(AND(G33="SE",O33="Complexo"),7,0)))))) -> 0 | Q33: =IF(AND(G33="ALI",N33="Simples"),7, IF(AND(G33="ALI",N33="Médio"),10, IF(AND(G33="ALI",N33="Complexo"),15, IF(AND(G33="AIE",N33="Simples"),5, IF(AND(G33="AIE",N33="Médio"),7, IF(AND(G33="AIE",N33="Complexo"),10,0)))))) -> 0 | R33: =IF(G33="INM",C33*H33,IF(AND(OR(G33="EE",G33="CE"),O33="Simples"),3, IF(AND(OR(G33="EE",G33="CE"),O33="Médio"),4, IF(AND(OR(G33="EE",G33="CE"),O33="Complexo"),6, IF(AND(G33="SE",O33="Simples"),4, IF(AND(G33="SE",O33="Médio"),5, IF(AND(G33="SE",O33="Complexo"),7, IF(AND(G33="ALI",O33="Médio"),10, IF(AND(G33="ALI",O33="Simples"),7, IF(AND(G33="ALI",O33="Complexo"),15, IF(AND(G33="AIE",O33="Simples"),5, IF(AND(G33="AIE",O33="Médio"),7, IF(AND(G33="AIE",O33="Complexo"),10,0)) ))))))))))) -> 0 | S33: =IF(G33="INM",C33*H33,IF(B33<>"Manutenção em interface",IF(B33<>"Desenv., Manutenção e Publicação de Páginas Estáticas",(P33+Q33)*C33,C33),C33)) -> 0 | T33: PDTIC25093-18 | U33: Mesmo PE que o Consultar Tipo de participante (implícita) | Y33: =IF(X33<>"",VLOOKUP(X33,'Tipo Projeto'!$A$3:$B$44,2,0),0) -> 0 | AE33: =IF(Z33="EE",IF(OR(AND(OR(AC33=1,AC33=0),AA33>0,AA33<5),AND(OR(AC33=1,AC33=0),AA33>4,AA33<16),AND(AC33=2,AA33>0,AA33<5)),"Simples",IF(OR(AND(OR(AC33=1,AC33=0),AA33>15),AND(AC33=2,AA33>4,AA33<16),AND(AC33>2,AA33>0,AA33<5)),"Médio",IF(OR(AND(AC33=2,AA33>15),AND(AC33>2,AA33>4,AA33<16),AND(AC33>2,AA33>15)),"Complexo",""))), IF(OR(Z33="CE",Z33="SE"),IF(OR(AND(OR(AC33=1,AC33=0),AA33>0,AA33<6),AND(OR(AC33=1,AC33=0),AA33>5,AA33<20),AND(AC33>1,AC33<4,AA33>0,AA33<6)),"Simples",IF(OR(AND(OR(AC33=1,AC33=0),AA33>19),AND(AC33>1,AC33<4,AA33>5,AA33<20),AND(AC33>3,AA33>0,AA33<6)),"Médio",IF(OR(AND(AC33>1,AC33<4,AA33>19),AND(AC33>3,AA33>5,AA33<20),AND(AC33>3,AA33>19)),"Complexo",""))),"")) | AF33: =IF(Z33="ALI",IF(OR(AND(OR(AC33=1,AC33=0),AA33>0,AA33<20),AND(OR(AC33=1,AC33=0),AA33>19,AA33<51),AND(AC33>1,AC33<6,AA33>0,AA33<20)),"Simples",IF(OR(AND(OR(AC33=1,AC33=0),AA33>50),AND(AC33>1,AC33<6,AA33>19,AA33<51),AND(AC33>5,AA33>0,AA33<20)),"Médio",IF(OR(AND(AC33>1,AC33<6,AA33>50),AND(AC33>5,AA33>19,AA33<51),AND(AC33>5,AA33>50)),"Complexo",""))), IF(Z33="AIE",IF(OR(AND(OR(AC33=1, AC33=0),AA33>0,AA33<20),AND(OR(AC33=1, AC33=0),AA33>19,AA33<51),AND(AC33>1,AC33<6,AA33>0,AA33<20)),"Simples",IF(OR(AND(OR(AC33=1, AC33=0),AA33>50),AND(AC33>1,AC33<6,AA33>19,AA33<51),AND(AC33>5,AA33>0,AA33<20)),"Médio",IF(OR(AND(AC33>1,AC33<6,AA33>50),AND(AC33>5,AA33>19,AA33<51),AND(AC33>5,AA33>50)),"Complexo",""))),"")) | AG33: =IF(AE33="",AF33,IF(AF33="",AE33,"")) | AH33: =IF(AND(OR(Z33="EE",Z33="CE"),AG33="Simples"),3, IF(AND(OR(Z33="EE",Z33="CE"),AG33="Médio"),4, IF(AND(OR(Z33="EE",Z33="CE"),AG33="Complexo"),6, IF(AND(Z33="SE",AG33="Simples"),4, IF(AND(Z33="SE",AG33="Médio"),5, IF(AND(Z33="SE",AG33="Complexo"),7,0)))))) -> 0 | AI33: =IF(AND(Z33="ALI",AF33="Simples"),7, IF(AND(Z33="ALI",AF33="Médio"),10, IF(AND(Z33="ALI",AF33="Complexo"),15, IF(AND(Z33="AIE",AF33="Simples"),5, IF(AND(Z33="AIE",AF33="Médio"),7, IF(AND(Z33="AIE",AF33="Complexo"),10,0)))))) -> 0 | AJ33: =IF(W33="OK",S33,( IF(X33<>"Manutenção em interface",IF(X33<>"Desenv., Manutenção e Publicação de Páginas Estáticas",(AH33+AI33)*Y33,Y33),Y33))) -> 0 | AP33: =IF(AJ33=0,"",IF(AJ33=S33,"OK","Divergente"))
B34: Guia de Métricas da STI - Aplicação/Desenvolvimento | C34: =IF(B34<>"",VLOOKUP(B34,'Tipo Projeto'!$A$3:$B$44,2,0),0) -> 1 | D34: Tipo de participante | F34: Ativar/Inativar Tipo de Participante | G34: EE | I34: 3 | J34: ID Ação Mensagem | K34: 1 | L34: Tipo Participante | M34: =IF(G34="EE",IF(OR(AND(OR(K34=1,K34=0),I34>0,I34<5),AND(OR(K34=1,K34=0),I34>4,I34<16),AND(K34=2,I34>0,I34<5)),"Simples",IF(OR(AND(OR(K34=1,K34=0),I34>15),AND(K34=2,I34>4,I34<16),AND(K34>2,I34>0,I34<5)),"Médio",IF(OR(AND(K34=2,I34>15),AND(K34>2,I34>4,I34<16),AND(K34>2,I34>15)),"Complexo",""))), IF(OR(G34="CE",G34="SE"),IF(OR(AND(OR(K34=1,K34=0),I34>0,I34<6),AND(OR(K34=1,K34=0),I34>5,I34<20),AND(K34>1,K34<4,I34>0,I34<6)),"Simples",IF(OR(AND(OR(K34=1,K34=0),I34>19),AND(K34>1,K34<4,I34>5,I34<20),AND(K34>3,I34>0,I34<6)),"Médio",IF(OR(AND(K34>1,K34<4,I34>19),AND(K34>3,I34>5,I34<20),AND(K34>3,I34>19)),"Complexo",""))),"")) -> Simples | N34: =IF(G34="ALI",IF(OR(AND(OR(K34=1,K34=0),I34>0,I34<20),AND(OR(K34=1,K34=0),I34>19,I34<51),AND(K34>1,K34<6,I34>0,I34<20)),"Simples",IF(OR(AND(OR(K34=1,K34=0),I34>50),AND(K34>1,K34<6,I34>19,I34<51),AND(K34>5,I34>0,I34<20)),"Médio",IF(OR(AND(K34>1,K34<6,I34>50),AND(K34>5,I34>19,I34<51),AND(K34>5,I34>50)),"Complexo",""))), IF(G34="AIE",IF(OR(AND(OR(K34=1, K34=0),I34>0,I34<20),AND(OR(K34=1, K34=0),I34>19,I34<51),AND(K34>1,K34<6,I34>0,I34<20)),"Simples",IF(OR(AND(OR(K34=1, K34=0),I34>50),AND(K34>1,K34<6,I34>19,I34<51),AND(K34>5,I34>0,I34<20)),"Médio",IF(OR(AND(K34>1,K34<6,I34>50),AND(K34>5,I34>19,I34<51),AND(K34>5,I34>50)),"Complexo",""))),"")) | O34: =IF(M34="",N34,IF(N34="",M34,"")) -> Simples | P34: =IF(AND(OR(G34="EE",G34="CE"),O34="Simples"),3, IF(AND(OR(G34="EE",G34="CE"),O34="Médio"),4, IF(AND(OR(G34="EE",G34="CE"),O34="Complexo"),6, IF(AND(G34="SE",O34="Simples"),4, IF(AND(G34="SE",O34="Médio"),5, IF(AND(G34="SE",O34="Complexo"),7,0)))))) -> 3 | Q34: =IF(AND(G34="ALI",N34="Simples"),7, IF(AND(G34="ALI",N34="Médio"),10, IF(AND(G34="ALI",N34="Complexo"),15, IF(AND(G34="AIE",N34="Simples"),5, IF(AND(G34="AIE",N34="Médio"),7, IF(AND(G34="AIE",N34="Complexo"),10,0)))))) -> 0 | R34: =IF(G34="INM",C34*H34,IF(AND(OR(G34="EE",G34="CE"),O34="Simples"),3, IF(AND(OR(G34="EE",G34="CE"),O34="Médio"),4, IF(AND(OR(G34="EE",G34="CE"),O34="Complexo"),6, IF(AND(G34="SE",O34="Simples"),4, IF(AND(G34="SE",O34="Médio"),5, IF(AND(G34="SE",O34="Complexo"),7, IF(AND(G34="ALI",O34="Médio"),10, IF(AND(G34="ALI",O34="Simples"),7, IF(AND(G34="ALI",O34="Complexo"),15, IF(AND(G34="AIE",O34="Simples"),5, IF(AND(G34="AIE",O34="Médio"),7, IF(AND(G34="AIE",O34="Complexo"),10,0)) ))))))))))) -> 3 | S34: =IF(G34="INM",C34*H34,IF(B34<>"Manutenção em interface",IF(B34<>"Desenv., Manutenção e Publicação de Páginas Estáticas",(P34+Q34)*C34,C34),C34)) -> 3 | T34: PDTIC25093-18 | Y34: =IF(X34<>"",VLOOKUP(X34,'Tipo Projeto'!$A$3:$B$44,2,0),0) -> 0 | AE34: =IF(Z34="EE",IF(OR(AND(OR(AC34=1,AC34=0),AA34>0,AA34<5),AND(OR(AC34=1,AC34=0),AA34>4,AA34<16),AND(AC34=2,AA34>0,AA34<5)),"Simples",IF(OR(AND(OR(AC34=1,AC34=0),AA34>15),AND(AC34=2,AA34>4,AA34<16),AND(AC34>2,AA34>0,AA34<5)),"Médio",IF(OR(AND(AC34=2,AA34>15),AND(AC34>2,AA34>4,AA34<16),AND(AC34>2,AA34>15)),"Complexo",""))), IF(OR(Z34="CE",Z34="SE"),IF(OR(AND(OR(AC34=1,AC34=0),AA34>0,AA34<6),AND(OR(AC34=1,AC34=0),AA34>5,AA34<20),AND(AC34>1,AC34<4,AA34>0,AA34<6)),"Simples",IF(OR(AND(OR(AC34=1,AC34=0),AA34>19),AND(AC34>1,AC34<4,AA34>5,AA34<20),AND(AC34>3,AA34>0,AA34<6)),"Médio",IF(OR(AND(AC34>1,AC34<4,AA34>19),AND(AC34>3,AA34>5,AA34<20),AND(AC34>3,AA34>19)),"Complexo",""))),"")) | AF34: =IF(Z34="ALI",IF(OR(AND(OR(AC34=1,AC34=0),AA34>0,AA34<20),AND(OR(AC34=1,AC34=0),AA34>19,AA34<51),AND(AC34>1,AC34<6,AA34>0,AA34<20)),"Simples",IF(OR(AND(OR(AC34=1,AC34=0),AA34>50),AND(AC34>1,AC34<6,AA34>19,AA34<51),AND(AC34>5,AA34>0,AA34<20)),"Médio",IF(OR(AND(AC34>1,AC34<6,AA34>50),AND(AC34>5,AA34>19,AA34<51),AND(AC34>5,AA34>50)),"Complexo",""))), IF(Z34="AIE",IF(OR(AND(OR(AC34=1, AC34=0),AA34>0,AA34<20),AND(OR(AC34=1, AC34=0),AA34>19,AA34<51),AND(AC34>1,AC34<6,AA34>0,AA34<20)),"Simples",IF(OR(AND(OR(AC34=1, AC34=0),AA34>50),AND(AC34>1,AC34<6,AA34>19,AA34<51),AND(AC34>5,AA34>0,AA34<20)),"Médio",IF(OR(AND(AC34>1,AC34<6,AA34>50),AND(AC34>5,AA34>19,AA34<51),AND(AC34>5,AA34>50)),"Complexo",""))),"")) | AG34: =IF(AE34="",AF34,IF(AF34="",AE34,"")) | AH34: =IF(AND(OR(Z34="EE",Z34="CE"),AG34="Simples"),3, IF(AND(OR(Z34="EE",Z34="CE"),AG34="Médio"),4, IF(AND(OR(Z34="EE",Z34="CE"),AG34="Complexo"),6, IF(AND(Z34="SE",AG34="Simples"),4, IF(AND(Z34="SE",AG34="Médio"),5, IF(AND(Z34="SE",AG34="Complexo"),7,0)))))) -> 0 | AI34: =IF(AND(Z34="ALI",AF34="Simples"),7, IF(AND(Z34="ALI",AF34="Médio"),10, IF(AND(Z34="ALI",AF34="Complexo"),15, IF(AND(Z34="AIE",AF34="Simples"),5, IF(AND(Z34="AIE",AF34="Médio"),7, IF(AND(Z34="AIE",AF34="Complexo"),10,0)))))) -> 0 | AJ34: =IF(W34="OK",S34,( IF(X34<>"Manutenção em interface",IF(X34<>"Desenv., Manutenção e Publicação de Páginas Estáticas",(AH34+AI34)*Y34,Y34),Y34))) -> 0 | AP34: =IF(AJ34=0,"",IF(AJ34=S34,"OK","Divergente"))
C35: =IF(B35<>"",VLOOKUP(B35,'Tipo Projeto'!$A$3:$B$44,2,0),0) -> 0 | M35: =IF(G35="EE",IF(OR(AND(OR(K35=1,K35=0),I35>0,I35<5),AND(OR(K35=1,K35=0),I35>4,I35<16),AND(K35=2,I35>0,I35<5)),"Simples",IF(OR(AND(OR(K35=1,K35=0),I35>15),AND(K35=2,I35>4,I35<16),AND(K35>2,I35>0,I35<5)),"Médio",IF(OR(AND(K35=2,I35>15),AND(K35>2,I35>4,I35<16),AND(K35>2,I35>15)),"Complexo",""))), IF(OR(G35="CE",G35="SE"),IF(OR(AND(OR(K35=1,K35=0),I35>0,I35<6),AND(OR(K35=1,K35=0),I35>5,I35<20),AND(K35>1,K35<4,I35>0,I35<6)),"Simples",IF(OR(AND(OR(K35=1,K35=0),I35>19),AND(K35>1,K35<4,I35>5,I35<20),AND(K35>3,I35>0,I35<6)),"Médio",IF(OR(AND(K35>1,K35<4,I35>19),AND(K35>3,I35>5,I35<20),AND(K35>3,I35>19)),"Complexo",""))),"")) | N35: =IF(G35="ALI",IF(OR(AND(OR(K35=1,K35=0),I35>0,I35<20),AND(OR(K35=1,K35=0),I35>19,I35<51),AND(K35>1,K35<6,I35>0,I35<20)),"Simples",IF(OR(AND(OR(K35=1,K35=0),I35>50),AND(K35>1,K35<6,I35>19,I35<51),AND(K35>5,I35>0,I35<20)),"Médio",IF(OR(AND(K35>1,K35<6,I35>50),AND(K35>5,I35>19,I35<51),AND(K35>5,I35>50)),"Complexo",""))), IF(G35="AIE",IF(OR(AND(OR(K35=1, K35=0),I35>0,I35<20),AND(OR(K35=1, K35=0),I35>19,I35<51),AND(K35>1,K35<6,I35>0,I35<20)),"Simples",IF(OR(AND(OR(K35=1, K35=0),I35>50),AND(K35>1,K35<6,I35>19,I35<51),AND(K35>5,I35>0,I35<20)),"Médio",IF(OR(AND(K35>1,K35<6,I35>50),AND(K35>5,I35>19,I35<51),AND(K35>5,I35>50)),"Complexo",""))),"")) | O35: =IF(M35="",N35,IF(N35="",M35,"")) | P35: =IF(AND(OR(G35="EE",G35="CE"),O35="Simples"),3, IF(AND(OR(G35="EE",G35="CE"),O35="Médio"),4, IF(AND(OR(G35="EE",G35="CE"),O35="Complexo"),6, IF(AND(G35="SE",O35="Simples"),4, IF(AND(G35="SE",O35="Médio"),5, IF(AND(G35="SE",O35="Complexo"),7,0)))))) -> 0 | Q35: =IF(AND(G35="ALI",N35="Simples"),7, IF(AND(G35="ALI",N35="Médio"),10, IF(AND(G35="ALI",N35="Complexo"),15, IF(AND(G35="AIE",N35="Simples"),5, IF(AND(G35="AIE",N35="Médio"),7, IF(AND(G35="AIE",N35="Complexo"),10,0)))))) -> 0 | R35: =IF(G35="INM",C35*H35,IF(AND(OR(G35="EE",G35="CE"),O35="Simples"),3, IF(AND(OR(G35="EE",G35="CE"),O35="Médio"),4, IF(AND(OR(G35="EE",G35="CE"),O35="Complexo"),6, IF(AND(G35="SE",O35="Simples"),4, IF(AND(G35="SE",O35="Médio"),5, IF(AND(G35="SE",O35="Complexo"),7, IF(AND(G35="ALI",O35="Médio"),10, IF(AND(G35="ALI",O35="Simples"),7, IF(AND(G35="ALI",O35="Complexo"),15, IF(AND(G35="AIE",O35="Simples"),5, IF(AND(G35="AIE",O35="Médio"),7, IF(AND(G35="AIE",O35="Complexo"),10,0)) ))))))))))) -> 0 | S35: =IF(G35="INM",C35*H35,IF(B35<>"Manutenção em interface",IF(B35<>"Desenv., Manutenção e Publicação de Páginas Estáticas",(P35+Q35)*C35,C35),C35)) -> 0 | Y35: =IF(X35<>"",VLOOKUP(X35,'Tipo Projeto'!$A$3:$B$44,2,0),0) -> 0 | AE35: =IF(Z35="EE",IF(OR(AND(OR(AC35=1,AC35=0),AA35>0,AA35<5),AND(OR(AC35=1,AC35=0),AA35>4,AA35<16),AND(AC35=2,AA35>0,AA35<5)),"Simples",IF(OR(AND(OR(AC35=1,AC35=0),AA35>15),AND(AC35=2,AA35>4,AA35<16),AND(AC35>2,AA35>0,AA35<5)),"Médio",IF(OR(AND(AC35=2,AA35>15),AND(AC35>2,AA35>4,AA35<16),AND(AC35>2,AA35>15)),"Complexo",""))), IF(OR(Z35="CE",Z35="SE"),IF(OR(AND(OR(AC35=1,AC35=0),AA35>0,AA35<6),AND(OR(AC35=1,AC35=0),AA35>5,AA35<20),AND(AC35>1,AC35<4,AA35>0,AA35<6)),"Simples",IF(OR(AND(OR(AC35=1,AC35=0),AA35>19),AND(AC35>1,AC35<4,AA35>5,AA35<20),AND(AC35>3,AA35>0,AA35<6)),"Médio",IF(OR(AND(AC35>1,AC35<4,AA35>19),AND(AC35>3,AA35>5,AA35<20),AND(AC35>3,AA35>19)),"Complexo",""))),"")) | AF35: =IF(Z35="ALI",IF(OR(AND(OR(AC35=1,AC35=0),AA35>0,AA35<20),AND(OR(AC35=1,AC35=0),AA35>19,AA35<51),AND(AC35>1,AC35<6,AA35>0,AA35<20)),"Simples",IF(OR(AND(OR(AC35=1,AC35=0),AA35>50),AND(AC35>1,AC35<6,AA35>19,AA35<51),AND(AC35>5,AA35>0,AA35<20)),"Médio",IF(OR(AND(AC35>1,AC35<6,AA35>50),AND(AC35>5,AA35>19,AA35<51),AND(AC35>5,AA35>50)),"Complexo",""))), IF(Z35="AIE",IF(OR(AND(OR(AC35=1, AC35=0),AA35>0,AA35<20),AND(OR(AC35=1, AC35=0),AA35>19,AA35<51),AND(AC35>1,AC35<6,AA35>0,AA35<20)),"Simples",IF(OR(AND(OR(AC35=1, AC35=0),AA35>50),AND(AC35>1,AC35<6,AA35>19,AA35<51),AND(AC35>5,AA35>0,AA35<20)),"Médio",IF(OR(AND(AC35>1,AC35<6,AA35>50),AND(AC35>5,AA35>19,AA35<51),AND(AC35>5,AA35>50)),"Complexo",""))),"")) | AG35: =IF(AE35="",AF35,IF(AF35="",AE35,"")) | AH35: =IF(AND(OR(Z35="EE",Z35="CE"),AG35="Simples"),3, IF(AND(OR(Z35="EE",Z35="CE"),AG35="Médio"),4, IF(AND(OR(Z35="EE",Z35="CE"),AG35="Complexo"),6, IF(AND(Z35="SE",AG35="Simples"),4, IF(AND(Z35="SE",AG35="Médio"),5, IF(AND(Z35="SE",AG35="Complexo"),7,0)))))) -> 0 | AI35: =IF(AND(Z35="ALI",AF35="Simples"),7, IF(AND(Z35="ALI",AF35="Médio"),10, IF(AND(Z35="ALI",AF35="Complexo"),15, IF(AND(Z35="AIE",AF35="Simples"),5, IF(AND(Z35="AIE",AF35="Médio"),7, IF(AND(Z35="AIE",AF35="Complexo"),10,0)))))) -> 0 | AJ35: =IF(W35="OK",S35,( IF(X35<>"Manutenção em interface",IF(X35<>"Desenv., Manutenção e Publicação de Páginas Estáticas",(AH35+AI35)*Y35,Y35),Y35))) -> 0 | AP35: =IF(AJ35=0,"",IF(AJ35=S35,"OK","Divergente"))
B36: Guia de Métricas da STI - Aplicação/Desenvolvimento | C36: =IF(B36<>"",VLOOKUP(B36,'Tipo Projeto'!$A$3:$B$44,2,0),0) -> 1 | D36: Listas do Sistema | F36: Pesquisar Listas do Sistema | G36: CE | I36: 4 | J36: Nome Código Ação Mensagem | K36: 1 | L36: Listas do Sistema | M36: =IF(G36="EE",IF(OR(AND(OR(K36=1,K36=0),I36>0,I36<5),AND(OR(K36=1,K36=0),I36>4,I36<16),AND(K36=2,I36>0,I36<5)),"Simples",IF(OR(AND(OR(K36=1,K36=0),I36>15),AND(K36=2,I36>4,I36<16),AND(K36>2,I36>0,I36<5)),"Médio",IF(OR(AND(K36=2,I36>15),AND(K36>2,I36>4,I36<16),AND(K36>2,I36>15)),"Complexo",""))), IF(OR(G36="CE",G36="SE"),IF(OR(AND(OR(K36=1,K36=0),I36>0,I36<6),AND(OR(K36=1,K36=0),I36>5,I36<20),AND(K36>1,K36<4,I36>0,I36<6)),"Simples",IF(OR(AND(OR(K36=1,K36=0),I36>19),AND(K36>1,K36<4,I36>5,I36<20),AND(K36>3,I36>0,I36<6)),"Médio",IF(OR(AND(K36>1,K36<4,I36>19),AND(K36>3,I36>5,I36<20),AND(K36>3,I36>19)),"Complexo",""))),"")) -> Simples | N36: =IF(G36="ALI",IF(OR(AND(OR(K36=1,K36=0),I36>0,I36<20),AND(OR(K36=1,K36=0),I36>19,I36<51),AND(K36>1,K36<6,I36>0,I36<20)),"Simples",IF(OR(AND(OR(K36=1,K36=0),I36>50),AND(K36>1,K36<6,I36>19,I36<51),AND(K36>5,I36>0,I36<20)),"Médio",IF(OR(AND(K36>1,K36<6,I36>50),AND(K36>5,I36>19,I36<51),AND(K36>5,I36>50)),"Complexo",""))), IF(G36="AIE",IF(OR(AND(OR(K36=1, K36=0),I36>0,I36<20),AND(OR(K36=1, K36=0),I36>19,I36<51),AND(K36>1,K36<6,I36>0,I36<20)),"Simples",IF(OR(AND(OR(K36=1, K36=0),I36>50),AND(K36>1,K36<6,I36>19,I36<51),AND(K36>5,I36>0,I36<20)),"Médio",IF(OR(AND(K36>1,K36<6,I36>50),AND(K36>5,I36>19,I36<51),AND(K36>5,I36>50)),"Complexo",""))),"")) | O36: =IF(M36="",N36,IF(N36="",M36,"")) -> Simples | P36: =IF(AND(OR(G36="EE",G36="CE"),O36="Simples"),3, IF(AND(OR(G36="EE",G36="CE"),O36="Médio"),4, IF(AND(OR(G36="EE",G36="CE"),O36="Complexo"),6, IF(AND(G36="SE",O36="Simples"),4, IF(AND(G36="SE",O36="Médio"),5, IF(AND(G36="SE",O36="Complexo"),7,0)))))) -> 3 | Q36: =IF(AND(G36="ALI",N36="Simples"),7, IF(AND(G36="ALI",N36="Médio"),10, IF(AND(G36="ALI",N36="Complexo"),15, IF(AND(G36="AIE",N36="Simples"),5, IF(AND(G36="AIE",N36="Médio"),7, IF(AND(G36="AIE",N36="Complexo"),10,0)))))) -> 0 | R36: =IF(G36="INM",C36*H36,IF(AND(OR(G36="EE",G36="CE"),O36="Simples"),3, IF(AND(OR(G36="EE",G36="CE"),O36="Médio"),4, IF(AND(OR(G36="EE",G36="CE"),O36="Complexo"),6, IF(AND(G36="SE",O36="Simples"),4, IF(AND(G36="SE",O36="Médio"),5, IF(AND(G36="SE",O36="Complexo"),7, IF(AND(G36="ALI",O36="Médio"),10, IF(AND(G36="ALI",O36="Simples"),7, IF(AND(G36="ALI",O36="Complexo"),15, IF(AND(G36="AIE",O36="Simples"),5, IF(AND(G36="AIE",O36="Médio"),7, IF(AND(G36="AIE",O36="Complexo"),10,0)) ))))))))))) -> 3 | S36: =IF(G36="INM",C36*H36,IF(B36<>"Manutenção em interface",IF(B36<>"Desenv., Manutenção e Publicação de Páginas Estáticas",(P36+Q36)*C36,C36),C36)) -> 3 | T36: PDTIC25093-26 | Y36: =IF(X36<>"",VLOOKUP(X36,'Tipo Projeto'!$A$3:$B$44,2,0),0) -> 0 | AE36: =IF(Z36="EE",IF(OR(AND(OR(AC36=1,AC36=0),AA36>0,AA36<5),AND(OR(AC36=1,AC36=0),AA36>4,AA36<16),AND(AC36=2,AA36>0,AA36<5)),"Simples",IF(OR(AND(OR(AC36=1,AC36=0),AA36>15),AND(AC36=2,AA36>4,AA36<16),AND(AC36>2,AA36>0,AA36<5)),"Médio",IF(OR(AND(AC36=2,AA36>15),AND(AC36>2,AA36>4,AA36<16),AND(AC36>2,AA36>15)),"Complexo",""))), IF(OR(Z36="CE",Z36="SE"),IF(OR(AND(OR(AC36=1,AC36=0),AA36>0,AA36<6),AND(OR(AC36=1,AC36=0),AA36>5,AA36<20),AND(AC36>1,AC36<4,AA36>0,AA36<6)),"Simples",IF(OR(AND(OR(AC36=1,AC36=0),AA36>19),AND(AC36>1,AC36<4,AA36>5,AA36<20),AND(AC36>3,AA36>0,AA36<6)),"Médio",IF(OR(AND(AC36>1,AC36<4,AA36>19),AND(AC36>3,AA36>5,AA36<20),AND(AC36>3,AA36>19)),"Complexo",""))),"")) | AF36: =IF(Z36="ALI",IF(OR(AND(OR(AC36=1,AC36=0),AA36>0,AA36<20),AND(OR(AC36=1,AC36=0),AA36>19,AA36<51),AND(AC36>1,AC36<6,AA36>0,AA36<20)),"Simples",IF(OR(AND(OR(AC36=1,AC36=0),AA36>50),AND(AC36>1,AC36<6,AA36>19,AA36<51),AND(AC36>5,AA36>0,AA36<20)),"Médio",IF(OR(AND(AC36>1,AC36<6,AA36>50),AND(AC36>5,AA36>19,AA36<51),AND(AC36>5,AA36>50)),"Complexo",""))), IF(Z36="AIE",IF(OR(AND(OR(AC36=1, AC36=0),AA36>0,AA36<20),AND(OR(AC36=1, AC36=0),AA36>19,AA36<51),AND(AC36>1,AC36<6,AA36>0,AA36<20)),"Simples",IF(OR(AND(OR(AC36=1, AC36=0),AA36>50),AND(AC36>1,AC36<6,AA36>19,AA36<51),AND(AC36>5,AA36>0,AA36<20)),"Médio",IF(OR(AND(AC36>1,AC36<6,AA36>50),AND(AC36>5,AA36>19,AA36<51),AND(AC36>5,AA36>50)),"Complexo",""))),"")) | AG36: =IF(AE36="",AF36,IF(AF36="",AE36,"")) | AH36: =IF(AND(OR(Z36="EE",Z36="CE"),AG36="Simples"),3, IF(AND(OR(Z36="EE",Z36="CE"),AG36="Médio"),4, IF(AND(OR(Z36="EE",Z36="CE"),AG36="Complexo"),6, IF(AND(Z36="SE",AG36="Simples"),4, IF(AND(Z36="SE",AG36="Médio"),5, IF(AND(Z36="SE",AG36="Complexo"),7,0)))))) -> 0 | AI36: =IF(AND(Z36="ALI",AF36="Simples"),7, IF(AND(Z36="ALI",AF36="Médio"),10, IF(AND(Z36="ALI",AF36="Complexo"),15, IF(AND(Z36="AIE",AF36="Simples"),5, IF(AND(Z36="AIE",AF36="Médio"),7, IF(AND(Z36="AIE",AF36="Complexo"),10,0)))))) -> 0 | AJ36: =IF(W36="OK",S36,( IF(X36<>"Manutenção em interface",IF(X36<>"Desenv., Manutenção e Publicação de Páginas Estáticas",(AH36+AI36)*Y36,Y36),Y36))) -> 0 | AP36: =IF(AJ36=0,"",IF(AJ36=S36,"OK","Divergente"))
B37: Guia de Métricas da STI - Aplicação/Desenvolvimento | C37: =IF(B37<>"",VLOOKUP(B37,'Tipo Projeto'!$A$3:$B$44,2,0),0) -> 1 | D37: Listas do Sistema | F37: Incluir Lista do Sistema | G37: EE | I37: 7 | J37: Nome Código Valor Texto Ordem Ação Mensagem | K37: 1 | L37: Listas do Sistema | M37: =IF(G37="EE",IF(OR(AND(OR(K37=1,K37=0),I37>0,I37<5),AND(OR(K37=1,K37=0),I37>4,I37<16),AND(K37=2,I37>0,I37<5)),"Simples",IF(OR(AND(OR(K37=1,K37=0),I37>15),AND(K37=2,I37>4,I37<16),AND(K37>2,I37>0,I37<5)),"Médio",IF(OR(AND(K37=2,I37>15),AND(K37>2,I37>4,I37<16),AND(K37>2,I37>15)),"Complexo",""))), IF(OR(G37="CE",G37="SE"),IF(OR(AND(OR(K37=1,K37=0),I37>0,I37<6),AND(OR(K37=1,K37=0),I37>5,I37<20),AND(K37>1,K37<4,I37>0,I37<6)),"Simples",IF(OR(AND(OR(K37=1,K37=0),I37>19),AND(K37>1,K37<4,I37>5,I37<20),AND(K37>3,I37>0,I37<6)),"Médio",IF(OR(AND(K37>1,K37<4,I37>19),AND(K37>3,I37>5,I37<20),AND(K37>3,I37>19)),"Complexo",""))),"")) -> Simples | N37: =IF(G37="ALI",IF(OR(AND(OR(K37=1,K37=0),I37>0,I37<20),AND(OR(K37=1,K37=0),I37>19,I37<51),AND(K37>1,K37<6,I37>0,I37<20)),"Simples",IF(OR(AND(OR(K37=1,K37=0),I37>50),AND(K37>1,K37<6,I37>19,I37<51),AND(K37>5,I37>0,I37<20)),"Médio",IF(OR(AND(K37>1,K37<6,I37>50),AND(K37>5,I37>19,I37<51),AND(K37>5,I37>50)),"Complexo",""))), IF(G37="AIE",IF(OR(AND(OR(K37=1, K37=0),I37>0,I37<20),AND(OR(K37=1, K37=0),I37>19,I37<51),AND(K37>1,K37<6,I37>0,I37<20)),"Simples",IF(OR(AND(OR(K37=1, K37=0),I37>50),AND(K37>1,K37<6,I37>19,I37<51),AND(K37>5,I37>0,I37<20)),"Médio",IF(OR(AND(K37>1,K37<6,I37>50),AND(K37>5,I37>19,I37<51),AND(K37>5,I37>50)),"Complexo",""))),"")) | O37: =IF(M37="",N37,IF(N37="",M37,"")) -> Simples | P37: =IF(AND(OR(G37="EE",G37="CE"),O37="Simples"),3, IF(AND(OR(G37="EE",G37="CE"),O37="Médio"),4, IF(AND(OR(G37="EE",G37="CE"),O37="Complexo"),6, IF(AND(G37="SE",O37="Simples"),4, IF(AND(G37="SE",O37="Médio"),5, IF(AND(G37="SE",O37="Complexo"),7,0)))))) -> 3 | Q37: =IF(AND(G37="ALI",N37="Simples"),7, IF(AND(G37="ALI",N37="Médio"),10, IF(AND(G37="ALI",N37="Complexo"),15, IF(AND(G37="AIE",N37="Simples"),5, IF(AND(G37="AIE",N37="Médio"),7, IF(AND(G37="AIE",N37="Complexo"),10,0)))))) -> 0 | R37: =IF(G37="INM",C37*H37,IF(AND(OR(G37="EE",G37="CE"),O37="Simples"),3, IF(AND(OR(G37="EE",G37="CE"),O37="Médio"),4, IF(AND(OR(G37="EE",G37="CE"),O37="Complexo"),6, IF(AND(G37="SE",O37="Simples"),4, IF(AND(G37="SE",O37="Médio"),5, IF(AND(G37="SE",O37="Complexo"),7, IF(AND(G37="ALI",O37="Médio"),10, IF(AND(G37="ALI",O37="Simples"),7, IF(AND(G37="ALI",O37="Complexo"),15, IF(AND(G37="AIE",O37="Simples"),5, IF(AND(G37="AIE",O37="Médio"),7, IF(AND(G37="AIE",O37="Complexo"),10,0)) ))))))))))) -> 3 | S37: =IF(G37="INM",C37*H37,IF(B37<>"Manutenção em interface",IF(B37<>"Desenv., Manutenção e Publicação de Páginas Estáticas",(P37+Q37)*C37,C37),C37)) -> 3 | T37: PDTIC25093-26 | Y37: =IF(X37<>"",VLOOKUP(X37,'Tipo Projeto'!$A$3:$B$44,2,0),0) -> 0 | AE37: =IF(Z37="EE",IF(OR(AND(OR(AC37=1,AC37=0),AA37>0,AA37<5),AND(OR(AC37=1,AC37=0),AA37>4,AA37<16),AND(AC37=2,AA37>0,AA37<5)),"Simples",IF(OR(AND(OR(AC37=1,AC37=0),AA37>15),AND(AC37=2,AA37>4,AA37<16),AND(AC37>2,AA37>0,AA37<5)),"Médio",IF(OR(AND(AC37=2,AA37>15),AND(AC37>2,AA37>4,AA37<16),AND(AC37>2,AA37>15)),"Complexo",""))), IF(OR(Z37="CE",Z37="SE"),IF(OR(AND(OR(AC37=1,AC37=0),AA37>0,AA37<6),AND(OR(AC37=1,AC37=0),AA37>5,AA37<20),AND(AC37>1,AC37<4,AA37>0,AA37<6)),"Simples",IF(OR(AND(OR(AC37=1,AC37=0),AA37>19),AND(AC37>1,AC37<4,AA37>5,AA37<20),AND(AC37>3,AA37>0,AA37<6)),"Médio",IF(OR(AND(AC37>1,AC37<4,AA37>19),AND(AC37>3,AA37>5,AA37<20),AND(AC37>3,AA37>19)),"Complexo",""))),"")) | AF37: =IF(Z37="ALI",IF(OR(AND(OR(AC37=1,AC37=0),AA37>0,AA37<20),AND(OR(AC37=1,AC37=0),AA37>19,AA37<51),AND(AC37>1,AC37<6,AA37>0,AA37<20)),"Simples",IF(OR(AND(OR(AC37=1,AC37=0),AA37>50),AND(AC37>1,AC37<6,AA37>19,AA37<51),AND(AC37>5,AA37>0,AA37<20)),"Médio",IF(OR(AND(AC37>1,AC37<6,AA37>50),AND(AC37>5,AA37>19,AA37<51),AND(AC37>5,AA37>50)),"Complexo",""))), IF(Z37="AIE",IF(OR(AND(OR(AC37=1, AC37=0),AA37>0,AA37<20),AND(OR(AC37=1, AC37=0),AA37>19,AA37<51),AND(AC37>1,AC37<6,AA37>0,AA37<20)),"Simples",IF(OR(AND(OR(AC37=1, AC37=0),AA37>50),AND(AC37>1,AC37<6,AA37>19,AA37<51),AND(AC37>5,AA37>0,AA37<20)),"Médio",IF(OR(AND(AC37>1,AC37<6,AA37>50),AND(AC37>5,AA37>19,AA37<51),AND(AC37>5,AA37>50)),"Complexo",""))),"")) | AG37: =IF(AE37="",AF37,IF(AF37="",AE37,"")) | AH37: =IF(AND(OR(Z37="EE",Z37="CE"),AG37="Simples"),3, IF(AND(OR(Z37="EE",Z37="CE"),AG37="Médio"),4, IF(AND(OR(Z37="EE",Z37="CE"),AG37="Complexo"),6, IF(AND(Z37="SE",AG37="Simples"),4, IF(AND(Z37="SE",AG37="Médio"),5, IF(AND(Z37="SE",AG37="Complexo"),7,0)))))) -> 0 | AI37: =IF(AND(Z37="ALI",AF37="Simples"),7, IF(AND(Z37="ALI",AF37="Médio"),10, IF(AND(Z37="ALI",AF37="Complexo"),15, IF(AND(Z37="AIE",AF37="Simples"),5, IF(AND(Z37="AIE",AF37="Médio"),7, IF(AND(Z37="AIE",AF37="Complexo"),10,0)))))) -> 0 | AJ37: =IF(W37="OK",S37,( IF(X37<>"Manutenção em interface",IF(X37<>"Desenv., Manutenção e Publicação de Páginas Estáticas",(AH37+AI37)*Y37,Y37),Y37))) -> 0 | AP37: =IF(AJ37=0,"",IF(AJ37=S37,"OK","Divergente"))
B38: Guia de Métricas da STI - Aplicação/Desenvolvimento | C38: =IF(B38<>"",VLOOKUP(B38,'Tipo Projeto'!$A$3:$B$44,2,0),0) -> 1 | D38: Listas do Sistema | F38: Consultar Lista do Sisetma (implícita) | G38: CE | I38: 6 | J38: Nome Código Valor Texto Ordem Ação | K38: 1 | L38: Listas do Sistema | M38: =IF(G38="EE",IF(OR(AND(OR(K38=1,K38=0),I38>0,I38<5),AND(OR(K38=1,K38=0),I38>4,I38<16),AND(K38=2,I38>0,I38<5)),"Simples",IF(OR(AND(OR(K38=1,K38=0),I38>15),AND(K38=2,I38>4,I38<16),AND(K38>2,I38>0,I38<5)),"Médio",IF(OR(AND(K38=2,I38>15),AND(K38>2,I38>4,I38<16),AND(K38>2,I38>15)),"Complexo",""))), IF(OR(G38="CE",G38="SE"),IF(OR(AND(OR(K38=1,K38=0),I38>0,I38<6),AND(OR(K38=1,K38=0),I38>5,I38<20),AND(K38>1,K38<4,I38>0,I38<6)),"Simples",IF(OR(AND(OR(K38=1,K38=0),I38>19),AND(K38>1,K38<4,I38>5,I38<20),AND(K38>3,I38>0,I38<6)),"Médio",IF(OR(AND(K38>1,K38<4,I38>19),AND(K38>3,I38>5,I38<20),AND(K38>3,I38>19)),"Complexo",""))),"")) -> Simples | N38: =IF(G38="ALI",IF(OR(AND(OR(K38=1,K38=0),I38>0,I38<20),AND(OR(K38=1,K38=0),I38>19,I38<51),AND(K38>1,K38<6,I38>0,I38<20)),"Simples",IF(OR(AND(OR(K38=1,K38=0),I38>50),AND(K38>1,K38<6,I38>19,I38<51),AND(K38>5,I38>0,I38<20)),"Médio",IF(OR(AND(K38>1,K38<6,I38>50),AND(K38>5,I38>19,I38<51),AND(K38>5,I38>50)),"Complexo",""))), IF(G38="AIE",IF(OR(AND(OR(K38=1, K38=0),I38>0,I38<20),AND(OR(K38=1, K38=0),I38>19,I38<51),AND(K38>1,K38<6,I38>0,I38<20)),"Simples",IF(OR(AND(OR(K38=1, K38=0),I38>50),AND(K38>1,K38<6,I38>19,I38<51),AND(K38>5,I38>0,I38<20)),"Médio",IF(OR(AND(K38>1,K38<6,I38>50),AND(K38>5,I38>19,I38<51),AND(K38>5,I38>50)),"Complexo",""))),"")) | O38: =IF(M38="",N38,IF(N38="",M38,"")) -> Simples | P38: =IF(AND(OR(G38="EE",G38="CE"),O38="Simples"),3, IF(AND(OR(G38="EE",G38="CE"),O38="Médio"),4, IF(AND(OR(G38="EE",G38="CE"),O38="Complexo"),6, IF(AND(G38="SE",O38="Simples"),4, IF(AND(G38="SE",O38="Médio"),5, IF(AND(G38="SE",O38="Complexo"),7,0)))))) -> 3 | Q38: =IF(AND(G38="ALI",N38="Simples"),7, IF(AND(G38="ALI",N38="Médio"),10, IF(AND(G38="ALI",N38="Complexo"),15, IF(AND(G38="AIE",N38="Simples"),5, IF(AND(G38="AIE",N38="Médio"),7, IF(AND(G38="AIE",N38="Complexo"),10,0)))))) -> 0 | R38: =IF(G38="INM",C38*H38,IF(AND(OR(G38="EE",G38="CE"),O38="Simples"),3, IF(AND(OR(G38="EE",G38="CE"),O38="Médio"),4, IF(AND(OR(G38="EE",G38="CE"),O38="Complexo"),6, IF(AND(G38="SE",O38="Simples"),4, IF(AND(G38="SE",O38="Médio"),5, IF(AND(G38="SE",O38="Complexo"),7, IF(AND(G38="ALI",O38="Médio"),10, IF(AND(G38="ALI",O38="Simples"),7, IF(AND(G38="ALI",O38="Complexo"),15, IF(AND(G38="AIE",O38="Simples"),5, IF(AND(G38="AIE",O38="Médio"),7, IF(AND(G38="AIE",O38="Complexo"),10,0)) ))))))))))) -> 3 | S38: =IF(G38="INM",C38*H38,IF(B38<>"Manutenção em interface",IF(B38<>"Desenv., Manutenção e Publicação de Páginas Estáticas",(P38+Q38)*C38,C38),C38)) -> 3 | T38: PDTIC25093-26 | Y38: =IF(X38<>"",VLOOKUP(X38,'Tipo Projeto'!$A$3:$B$44,2,0),0) -> 0 | AE38: =IF(Z38="EE",IF(OR(AND(OR(AC38=1,AC38=0),AA38>0,AA38<5),AND(OR(AC38=1,AC38=0),AA38>4,AA38<16),AND(AC38=2,AA38>0,AA38<5)),"Simples",IF(OR(AND(OR(AC38=1,AC38=0),AA38>15),AND(AC38=2,AA38>4,AA38<16),AND(AC38>2,AA38>0,AA38<5)),"Médio",IF(OR(AND(AC38=2,AA38>15),AND(AC38>2,AA38>4,AA38<16),AND(AC38>2,AA38>15)),"Complexo",""))), IF(OR(Z38="CE",Z38="SE"),IF(OR(AND(OR(AC38=1,AC38=0),AA38>0,AA38<6),AND(OR(AC38=1,AC38=0),AA38>5,AA38<20),AND(AC38>1,AC38<4,AA38>0,AA38<6)),"Simples",IF(OR(AND(OR(AC38=1,AC38=0),AA38>19),AND(AC38>1,AC38<4,AA38>5,AA38<20),AND(AC38>3,AA38>0,AA38<6)),"Médio",IF(OR(AND(AC38>1,AC38<4,AA38>19),AND(AC38>3,AA38>5,AA38<20),AND(AC38>3,AA38>19)),"Complexo",""))),"")) | AF38: =IF(Z38="ALI",IF(OR(AND(OR(AC38=1,AC38=0),AA38>0,AA38<20),AND(OR(AC38=1,AC38=0),AA38>19,AA38<51),AND(AC38>1,AC38<6,AA38>0,AA38<20)),"Simples",IF(OR(AND(OR(AC38=1,AC38=0),AA38>50),AND(AC38>1,AC38<6,AA38>19,AA38<51),AND(AC38>5,AA38>0,AA38<20)),"Médio",IF(OR(AND(AC38>1,AC38<6,AA38>50),AND(AC38>5,AA38>19,AA38<51),AND(AC38>5,AA38>50)),"Complexo",""))), IF(Z38="AIE",IF(OR(AND(OR(AC38=1, AC38=0),AA38>0,AA38<20),AND(OR(AC38=1, AC38=0),AA38>19,AA38<51),AND(AC38>1,AC38<6,AA38>0,AA38<20)),"Simples",IF(OR(AND(OR(AC38=1, AC38=0),AA38>50),AND(AC38>1,AC38<6,AA38>19,AA38<51),AND(AC38>5,AA38>0,AA38<20)),"Médio",IF(OR(AND(AC38>1,AC38<6,AA38>50),AND(AC38>5,AA38>19,AA38<51),AND(AC38>5,AA38>50)),"Complexo",""))),"")) | AG38: =IF(AE38="",AF38,IF(AF38="",AE38,"")) | AH38: =IF(AND(OR(Z38="EE",Z38="CE"),AG38="Simples"),3, IF(AND(OR(Z38="EE",Z38="CE"),AG38="Médio"),4, IF(AND(OR(Z38="EE",Z38="CE"),AG38="Complexo"),6, IF(AND(Z38="SE",AG38="Simples"),4, IF(AND(Z38="SE",AG38="Médio"),5, IF(AND(Z38="SE",AG38="Complexo"),7,0)))))) -> 0 | AI38: =IF(AND(Z38="ALI",AF38="Simples"),7, IF(AND(Z38="ALI",AF38="Médio"),10, IF(AND(Z38="ALI",AF38="Complexo"),15, IF(AND(Z38="AIE",AF38="Simples"),5, IF(AND(Z38="AIE",AF38="Médio"),7, IF(AND(Z38="AIE",AF38="Complexo"),10,0)))))) -> 0 | AJ38: =IF(W38="OK",S38,( IF(X38<>"Manutenção em interface",IF(X38<>"Desenv., Manutenção e Publicação de Páginas Estáticas",(AH38+AI38)*Y38,Y38),Y38))) -> 0 | AP38: =IF(AJ38=0,"",IF(AJ38=S38,"OK","Divergente"))
B39: Guia de Métricas da STI - Aplicação/Desenvolvimento | C39: =IF(B39<>"",VLOOKUP(B39,'Tipo Projeto'!$A$3:$B$44,2,0),0) -> 1 | D39: Listas do Sistema | F39: Editar Lista do Sistema | G39: EE | I39: 7 | J39: Nome Código Valor Texto Ordem Ação Mensagem | K39: 1 | L39: Listas do Sistema | M39: =IF(G39="EE",IF(OR(AND(OR(K39=1,K39=0),I39>0,I39<5),AND(OR(K39=1,K39=0),I39>4,I39<16),AND(K39=2,I39>0,I39<5)),"Simples",IF(OR(AND(OR(K39=1,K39=0),I39>15),AND(K39=2,I39>4,I39<16),AND(K39>2,I39>0,I39<5)),"Médio",IF(OR(AND(K39=2,I39>15),AND(K39>2,I39>4,I39<16),AND(K39>2,I39>15)),"Complexo",""))), IF(OR(G39="CE",G39="SE"),IF(OR(AND(OR(K39=1,K39=0),I39>0,I39<6),AND(OR(K39=1,K39=0),I39>5,I39<20),AND(K39>1,K39<4,I39>0,I39<6)),"Simples",IF(OR(AND(OR(K39=1,K39=0),I39>19),AND(K39>1,K39<4,I39>5,I39<20),AND(K39>3,I39>0,I39<6)),"Médio",IF(OR(AND(K39>1,K39<4,I39>19),AND(K39>3,I39>5,I39<20),AND(K39>3,I39>19)),"Complexo",""))),"")) -> Simples | N39: =IF(G39="ALI",IF(OR(AND(OR(K39=1,K39=0),I39>0,I39<20),AND(OR(K39=1,K39=0),I39>19,I39<51),AND(K39>1,K39<6,I39>0,I39<20)),"Simples",IF(OR(AND(OR(K39=1,K39=0),I39>50),AND(K39>1,K39<6,I39>19,I39<51),AND(K39>5,I39>0,I39<20)),"Médio",IF(OR(AND(K39>1,K39<6,I39>50),AND(K39>5,I39>19,I39<51),AND(K39>5,I39>50)),"Complexo",""))), IF(G39="AIE",IF(OR(AND(OR(K39=1, K39=0),I39>0,I39<20),AND(OR(K39=1, K39=0),I39>19,I39<51),AND(K39>1,K39<6,I39>0,I39<20)),"Simples",IF(OR(AND(OR(K39=1, K39=0),I39>50),AND(K39>1,K39<6,I39>19,I39<51),AND(K39>5,I39>0,I39<20)),"Médio",IF(OR(AND(K39>1,K39<6,I39>50),AND(K39>5,I39>19,I39<51),AND(K39>5,I39>50)),"Complexo",""))),"")) | O39: =IF(M39="",N39,IF(N39="",M39,"")) -> Simples | P39: =IF(AND(OR(G39="EE",G39="CE"),O39="Simples"),3, IF(AND(OR(G39="EE",G39="CE"),O39="Médio"),4, IF(AND(OR(G39="EE",G39="CE"),O39="Complexo"),6, IF(AND(G39="SE",O39="Simples"),4, IF(AND(G39="SE",O39="Médio"),5, IF(AND(G39="SE",O39="Complexo"),7,0)))))) -> 3 | Q39: =IF(AND(G39="ALI",N39="Simples"),7, IF(AND(G39="ALI",N39="Médio"),10, IF(AND(G39="ALI",N39="Complexo"),15, IF(AND(G39="AIE",N39="Simples"),5, IF(AND(G39="AIE",N39="Médio"),7, IF(AND(G39="AIE",N39="Complexo"),10,0)))))) -> 0 | R39: =IF(G39="INM",C39*H39,IF(AND(OR(G39="EE",G39="CE"),O39="Simples"),3, IF(AND(OR(G39="EE",G39="CE"),O39="Médio"),4, IF(AND(OR(G39="EE",G39="CE"),O39="Complexo"),6, IF(AND(G39="SE",O39="Simples"),4, IF(AND(G39="SE",O39="Médio"),5, IF(AND(G39="SE",O39="Complexo"),7, IF(AND(G39="ALI",O39="Médio"),10, IF(AND(G39="ALI",O39="Simples"),7, IF(AND(G39="ALI",O39="Complexo"),15, IF(AND(G39="AIE",O39="Simples"),5, IF(AND(G39="AIE",O39="Médio"),7, IF(AND(G39="AIE",O39="Complexo"),10,0)) ))))))))))) -> 3 | S39: =IF(G39="INM",C39*H39,IF(B39<>"Manutenção em interface",IF(B39<>"Desenv., Manutenção e Publicação de Páginas Estáticas",(P39+Q39)*C39,C39),C39)) -> 3 | T39: PDTIC25093-26 | Y39: =IF(X39<>"",VLOOKUP(X39,'Tipo Projeto'!$A$3:$B$44,2,0),0) -> 0 | AE39: =IF(Z39="EE",IF(OR(AND(OR(AC39=1,AC39=0),AA39>0,AA39<5),AND(OR(AC39=1,AC39=0),AA39>4,AA39<16),AND(AC39=2,AA39>0,AA39<5)),"Simples",IF(OR(AND(OR(AC39=1,AC39=0),AA39>15),AND(AC39=2,AA39>4,AA39<16),AND(AC39>2,AA39>0,AA39<5)),"Médio",IF(OR(AND(AC39=2,AA39>15),AND(AC39>2,AA39>4,AA39<16),AND(AC39>2,AA39>15)),"Complexo",""))), IF(OR(Z39="CE",Z39="SE"),IF(OR(AND(OR(AC39=1,AC39=0),AA39>0,AA39<6),AND(OR(AC39=1,AC39=0),AA39>5,AA39<20),AND(AC39>1,AC39<4,AA39>0,AA39<6)),"Simples",IF(OR(AND(OR(AC39=1,AC39=0),AA39>19),AND(AC39>1,AC39<4,AA39>5,AA39<20),AND(AC39>3,AA39>0,AA39<6)),"Médio",IF(OR(AND(AC39>1,AC39<4,AA39>19),AND(AC39>3,AA39>5,AA39<20),AND(AC39>3,AA39>19)),"Complexo",""))),"")) | AF39: =IF(Z39="ALI",IF(OR(AND(OR(AC39=1,AC39=0),AA39>0,AA39<20),AND(OR(AC39=1,AC39=0),AA39>19,AA39<51),AND(AC39>1,AC39<6,AA39>0,AA39<20)),"Simples",IF(OR(AND(OR(AC39=1,AC39=0),AA39>50),AND(AC39>1,AC39<6,AA39>19,AA39<51),AND(AC39>5,AA39>0,AA39<20)),"Médio",IF(OR(AND(AC39>1,AC39<6,AA39>50),AND(AC39>5,AA39>19,AA39<51),AND(AC39>5,AA39>50)),"Complexo",""))), IF(Z39="AIE",IF(OR(AND(OR(AC39=1, AC39=0),AA39>0,AA39<20),AND(OR(AC39=1, AC39=0),AA39>19,AA39<51),AND(AC39>1,AC39<6,AA39>0,AA39<20)),"Simples",IF(OR(AND(OR(AC39=1, AC39=0),AA39>50),AND(AC39>1,AC39<6,AA39>19,AA39<51),AND(AC39>5,AA39>0,AA39<20)),"Médio",IF(OR(AND(AC39>1,AC39<6,AA39>50),AND(AC39>5,AA39>19,AA39<51),AND(AC39>5,AA39>50)),"Complexo",""))),"")) | AG39: =IF(AE39="",AF39,IF(AF39="",AE39,"")) | AH39: =IF(AND(OR(Z39="EE",Z39="CE"),AG39="Simples"),3, IF(AND(OR(Z39="EE",Z39="CE"),AG39="Médio"),4, IF(AND(OR(Z39="EE",Z39="CE"),AG39="Complexo"),6, IF(AND(Z39="SE",AG39="Simples"),4, IF(AND(Z39="SE",AG39="Médio"),5, IF(AND(Z39="SE",AG39="Complexo"),7,0)))))) -> 0 | AI39: =IF(AND(Z39="ALI",AF39="Simples"),7, IF(AND(Z39="ALI",AF39="Médio"),10, IF(AND(Z39="ALI",AF39="Complexo"),15, IF(AND(Z39="AIE",AF39="Simples"),5, IF(AND(Z39="AIE",AF39="Médio"),7, IF(AND(Z39="AIE",AF39="Complexo"),10,0)))))) -> 0 | AJ39: =IF(W39="OK",S39,( IF(X39<>"Manutenção em interface",IF(X39<>"Desenv., Manutenção e Publicação de Páginas Estáticas",(AH39+AI39)*Y39,Y39),Y39))) -> 0 | AP39: =IF(AJ39=0,"",IF(AJ39=S39,"OK","Divergente"))
B40: Guia de Métricas da STI - Aplicação/Desenvolvimento | C40: =IF(B40<>"",VLOOKUP(B40,'Tipo Projeto'!$A$3:$B$44,2,0),0) -> 1 | D40: Listas do Sistema | F40: Excluir Lista do Sistema | G40: EE | I40: 3 | J40: ID Ação Mensagem | K40: 1 | L40: Listas do Sistema | M40: =IF(G40="EE",IF(OR(AND(OR(K40=1,K40=0),I40>0,I40<5),AND(OR(K40=1,K40=0),I40>4,I40<16),AND(K40=2,I40>0,I40<5)),"Simples",IF(OR(AND(OR(K40=1,K40=0),I40>15),AND(K40=2,I40>4,I40<16),AND(K40>2,I40>0,I40<5)),"Médio",IF(OR(AND(K40=2,I40>15),AND(K40>2,I40>4,I40<16),AND(K40>2,I40>15)),"Complexo",""))), IF(OR(G40="CE",G40="SE"),IF(OR(AND(OR(K40=1,K40=0),I40>0,I40<6),AND(OR(K40=1,K40=0),I40>5,I40<20),AND(K40>1,K40<4,I40>0,I40<6)),"Simples",IF(OR(AND(OR(K40=1,K40=0),I40>19),AND(K40>1,K40<4,I40>5,I40<20),AND(K40>3,I40>0,I40<6)),"Médio",IF(OR(AND(K40>1,K40<4,I40>19),AND(K40>3,I40>5,I40<20),AND(K40>3,I40>19)),"Complexo",""))),"")) -> Simples | N40: =IF(G40="ALI",IF(OR(AND(OR(K40=1,K40=0),I40>0,I40<20),AND(OR(K40=1,K40=0),I40>19,I40<51),AND(K40>1,K40<6,I40>0,I40<20)),"Simples",IF(OR(AND(OR(K40=1,K40=0),I40>50),AND(K40>1,K40<6,I40>19,I40<51),AND(K40>5,I40>0,I40<20)),"Médio",IF(OR(AND(K40>1,K40<6,I40>50),AND(K40>5,I40>19,I40<51),AND(K40>5,I40>50)),"Complexo",""))), IF(G40="AIE",IF(OR(AND(OR(K40=1, K40=0),I40>0,I40<20),AND(OR(K40=1, K40=0),I40>19,I40<51),AND(K40>1,K40<6,I40>0,I40<20)),"Simples",IF(OR(AND(OR(K40=1, K40=0),I40>50),AND(K40>1,K40<6,I40>19,I40<51),AND(K40>5,I40>0,I40<20)),"Médio",IF(OR(AND(K40>1,K40<6,I40>50),AND(K40>5,I40>19,I40<51),AND(K40>5,I40>50)),"Complexo",""))),"")) | O40: =IF(M40="",N40,IF(N40="",M40,"")) -> Simples | P40: =IF(AND(OR(G40="EE",G40="CE"),O40="Simples"),3, IF(AND(OR(G40="EE",G40="CE"),O40="Médio"),4, IF(AND(OR(G40="EE",G40="CE"),O40="Complexo"),6, IF(AND(G40="SE",O40="Simples"),4, IF(AND(G40="SE",O40="Médio"),5, IF(AND(G40="SE",O40="Complexo"),7,0)))))) -> 3 | Q40: =IF(AND(G40="ALI",N40="Simples"),7, IF(AND(G40="ALI",N40="Médio"),10, IF(AND(G40="ALI",N40="Complexo"),15, IF(AND(G40="AIE",N40="Simples"),5, IF(AND(G40="AIE",N40="Médio"),7, IF(AND(G40="AIE",N40="Complexo"),10,0)))))) -> 0 | R40: =IF(G40="INM",C40*H40,IF(AND(OR(G40="EE",G40="CE"),O40="Simples"),3, IF(AND(OR(G40="EE",G40="CE"),O40="Médio"),4, IF(AND(OR(G40="EE",G40="CE"),O40="Complexo"),6, IF(AND(G40="SE",O40="Simples"),4, IF(AND(G40="SE",O40="Médio"),5, IF(AND(G40="SE",O40="Complexo"),7, IF(AND(G40="ALI",O40="Médio"),10, IF(AND(G40="ALI",O40="Simples"),7, IF(AND(G40="ALI",O40="Complexo"),15, IF(AND(G40="AIE",O40="Simples"),5, IF(AND(G40="AIE",O40="Médio"),7, IF(AND(G40="AIE",O40="Complexo"),10,0)) ))))))))))) -> 3 | S40: =IF(G40="INM",C40*H40,IF(B40<>"Manutenção em interface",IF(B40<>"Desenv., Manutenção e Publicação de Páginas Estáticas",(P40+Q40)*C40,C40),C40)) -> 3 | T40: PDTIC25093-26 | Y40: =IF(X40<>"",VLOOKUP(X40,'Tipo Projeto'!$A$3:$B$44,2,0),0) -> 0 | AE40: =IF(Z40="EE",IF(OR(AND(OR(AC40=1,AC40=0),AA40>0,AA40<5),AND(OR(AC40=1,AC40=0),AA40>4,AA40<16),AND(AC40=2,AA40>0,AA40<5)),"Simples",IF(OR(AND(OR(AC40=1,AC40=0),AA40>15),AND(AC40=2,AA40>4,AA40<16),AND(AC40>2,AA40>0,AA40<5)),"Médio",IF(OR(AND(AC40=2,AA40>15),AND(AC40>2,AA40>4,AA40<16),AND(AC40>2,AA40>15)),"Complexo",""))), IF(OR(Z40="CE",Z40="SE"),IF(OR(AND(OR(AC40=1,AC40=0),AA40>0,AA40<6),AND(OR(AC40=1,AC40=0),AA40>5,AA40<20),AND(AC40>1,AC40<4,AA40>0,AA40<6)),"Simples",IF(OR(AND(OR(AC40=1,AC40=0),AA40>19),AND(AC40>1,AC40<4,AA40>5,AA40<20),AND(AC40>3,AA40>0,AA40<6)),"Médio",IF(OR(AND(AC40>1,AC40<4,AA40>19),AND(AC40>3,AA40>5,AA40<20),AND(AC40>3,AA40>19)),"Complexo",""))),"")) | AF40: =IF(Z40="ALI",IF(OR(AND(OR(AC40=1,AC40=0),AA40>0,AA40<20),AND(OR(AC40=1,AC40=0),AA40>19,AA40<51),AND(AC40>1,AC40<6,AA40>0,AA40<20)),"Simples",IF(OR(AND(OR(AC40=1,AC40=0),AA40>50),AND(AC40>1,AC40<6,AA40>19,AA40<51),AND(AC40>5,AA40>0,AA40<20)),"Médio",IF(OR(AND(AC40>1,AC40<6,AA40>50),AND(AC40>5,AA40>19,AA40<51),AND(AC40>5,AA40>50)),"Complexo",""))), IF(Z40="AIE",IF(OR(AND(OR(AC40=1, AC40=0),AA40>0,AA40<20),AND(OR(AC40=1, AC40=0),AA40>19,AA40<51),AND(AC40>1,AC40<6,AA40>0,AA40<20)),"Simples",IF(OR(AND(OR(AC40=1, AC40=0),AA40>50),AND(AC40>1,AC40<6,AA40>19,AA40<51),AND(AC40>5,AA40>0,AA40<20)),"Médio",IF(OR(AND(AC40>1,AC40<6,AA40>50),AND(AC40>5,AA40>19,AA40<51),AND(AC40>5,AA40>50)),"Complexo",""))),"")) | AG40: =IF(AE40="",AF40,IF(AF40="",AE40,"")) | AH40: =IF(AND(OR(Z40="EE",Z40="CE"),AG40="Simples"),3, IF(AND(OR(Z40="EE",Z40="CE"),AG40="Médio"),4, IF(AND(OR(Z40="EE",Z40="CE"),AG40="Complexo"),6, IF(AND(Z40="SE",AG40="Simples"),4, IF(AND(Z40="SE",AG40="Médio"),5, IF(AND(Z40="SE",AG40="Complexo"),7,0)))))) -> 0 | AI40: =IF(AND(Z40="ALI",AF40="Simples"),7, IF(AND(Z40="ALI",AF40="Médio"),10, IF(AND(Z40="ALI",AF40="Complexo"),15, IF(AND(Z40="AIE",AF40="Simples"),5, IF(AND(Z40="AIE",AF40="Médio"),7, IF(AND(Z40="AIE",AF40="Complexo"),10,0)))))) -> 0 | AJ40: =IF(W40="OK",S40,( IF(X40<>"Manutenção em interface",IF(X40<>"Desenv., Manutenção e Publicação de Páginas Estáticas",(AH40+AI40)*Y40,Y40),Y40))) -> 0 | AP40: =IF(AJ40=0,"",IF(AJ40=S40,"OK","Divergente"))
B41: Guia de Métricas da STI - Aplicação/Desenvolvimento | C41: =IF(B41<>"",VLOOKUP(B41,'Tipo Projeto'!$A$3:$B$44,2,0),0) -> 1 | D41: Listas do Sistema | F41: Ordenar Lista | G41: EE | I41: 3 | J41: ID Ação Mensagem | K41: 1 | L41: Listas do Sistema | M41: =IF(G41="EE",IF(OR(AND(OR(K41=1,K41=0),I41>0,I41<5),AND(OR(K41=1,K41=0),I41>4,I41<16),AND(K41=2,I41>0,I41<5)),"Simples",IF(OR(AND(OR(K41=1,K41=0),I41>15),AND(K41=2,I41>4,I41<16),AND(K41>2,I41>0,I41<5)),"Médio",IF(OR(AND(K41=2,I41>15),AND(K41>2,I41>4,I41<16),AND(K41>2,I41>15)),"Complexo",""))), IF(OR(G41="CE",G41="SE"),IF(OR(AND(OR(K41=1,K41=0),I41>0,I41<6),AND(OR(K41=1,K41=0),I41>5,I41<20),AND(K41>1,K41<4,I41>0,I41<6)),"Simples",IF(OR(AND(OR(K41=1,K41=0),I41>19),AND(K41>1,K41<4,I41>5,I41<20),AND(K41>3,I41>0,I41<6)),"Médio",IF(OR(AND(K41>1,K41<4,I41>19),AND(K41>3,I41>5,I41<20),AND(K41>3,I41>19)),"Complexo",""))),"")) -> Simples | N41: =IF(G41="ALI",IF(OR(AND(OR(K41=1,K41=0),I41>0,I41<20),AND(OR(K41=1,K41=0),I41>19,I41<51),AND(K41>1,K41<6,I41>0,I41<20)),"Simples",IF(OR(AND(OR(K41=1,K41=0),I41>50),AND(K41>1,K41<6,I41>19,I41<51),AND(K41>5,I41>0,I41<20)),"Médio",IF(OR(AND(K41>1,K41<6,I41>50),AND(K41>5,I41>19,I41<51),AND(K41>5,I41>50)),"Complexo",""))), IF(G41="AIE",IF(OR(AND(OR(K41=1, K41=0),I41>0,I41<20),AND(OR(K41=1, K41=0),I41>19,I41<51),AND(K41>1,K41<6,I41>0,I41<20)),"Simples",IF(OR(AND(OR(K41=1, K41=0),I41>50),AND(K41>1,K41<6,I41>19,I41<51),AND(K41>5,I41>0,I41<20)),"Médio",IF(OR(AND(K41>1,K41<6,I41>50),AND(K41>5,I41>19,I41<51),AND(K41>5,I41>50)),"Complexo",""))),"")) | O41: =IF(M41="",N41,IF(N41="",M41,"")) -> Simples | P41: =IF(AND(OR(G41="EE",G41="CE"),O41="Simples"),3, IF(AND(OR(G41="EE",G41="CE"),O41="Médio"),4, IF(AND(OR(G41="EE",G41="CE"),O41="Complexo"),6, IF(AND(G41="SE",O41="Simples"),4, IF(AND(G41="SE",O41="Médio"),5, IF(AND(G41="SE",O41="Complexo"),7,0)))))) -> 3 | Q41: =IF(AND(G41="ALI",N41="Simples"),7, IF(AND(G41="ALI",N41="Médio"),10, IF(AND(G41="ALI",N41="Complexo"),15, IF(AND(G41="AIE",N41="Simples"),5, IF(AND(G41="AIE",N41="Médio"),7, IF(AND(G41="AIE",N41="Complexo"),10,0)))))) -> 0 | R41: =IF(G41="INM",C41*H41,IF(AND(OR(G41="EE",G41="CE"),O41="Simples"),3, IF(AND(OR(G41="EE",G41="CE"),O41="Médio"),4, IF(AND(OR(G41="EE",G41="CE"),O41="Complexo"),6, IF(AND(G41="SE",O41="Simples"),4, IF(AND(G41="SE",O41="Médio"),5, IF(AND(G41="SE",O41="Complexo"),7, IF(AND(G41="ALI",O41="Médio"),10, IF(AND(G41="ALI",O41="Simples"),7, IF(AND(G41="ALI",O41="Complexo"),15, IF(AND(G41="AIE",O41="Simples"),5, IF(AND(G41="AIE",O41="Médio"),7, IF(AND(G41="AIE",O41="Complexo"),10,0)) ))))))))))) -> 3 | S41: =IF(G41="INM",C41*H41,IF(B41<>"Manutenção em interface",IF(B41<>"Desenv., Manutenção e Publicação de Páginas Estáticas",(P41+Q41)*C41,C41),C41)) -> 3 | T41: PDTIC25093-26 | Y41: =IF(X41<>"",VLOOKUP(X41,'Tipo Projeto'!$A$3:$B$44,2,0),0) -> 0 | AE41: =IF(Z41="EE",IF(OR(AND(OR(AC41=1,AC41=0),AA41>0,AA41<5),AND(OR(AC41=1,AC41=0),AA41>4,AA41<16),AND(AC41=2,AA41>0,AA41<5)),"Simples",IF(OR(AND(OR(AC41=1,AC41=0),AA41>15),AND(AC41=2,AA41>4,AA41<16),AND(AC41>2,AA41>0,AA41<5)),"Médio",IF(OR(AND(AC41=2,AA41>15),AND(AC41>2,AA41>4,AA41<16),AND(AC41>2,AA41>15)),"Complexo",""))), IF(OR(Z41="CE",Z41="SE"),IF(OR(AND(OR(AC41=1,AC41=0),AA41>0,AA41<6),AND(OR(AC41=1,AC41=0),AA41>5,AA41<20),AND(AC41>1,AC41<4,AA41>0,AA41<6)),"Simples",IF(OR(AND(OR(AC41=1,AC41=0),AA41>19),AND(AC41>1,AC41<4,AA41>5,AA41<20),AND(AC41>3,AA41>0,AA41<6)),"Médio",IF(OR(AND(AC41>1,AC41<4,AA41>19),AND(AC41>3,AA41>5,AA41<20),AND(AC41>3,AA41>19)),"Complexo",""))),"")) | AF41: =IF(Z41="ALI",IF(OR(AND(OR(AC41=1,AC41=0),AA41>0,AA41<20),AND(OR(AC41=1,AC41=0),AA41>19,AA41<51),AND(AC41>1,AC41<6,AA41>0,AA41<20)),"Simples",IF(OR(AND(OR(AC41=1,AC41=0),AA41>50),AND(AC41>1,AC41<6,AA41>19,AA41<51),AND(AC41>5,AA41>0,AA41<20)),"Médio",IF(OR(AND(AC41>1,AC41<6,AA41>50),AND(AC41>5,AA41>19,AA41<51),AND(AC41>5,AA41>50)),"Complexo",""))), IF(Z41="AIE",IF(OR(AND(OR(AC41=1, AC41=0),AA41>0,AA41<20),AND(OR(AC41=1, AC41=0),AA41>19,AA41<51),AND(AC41>1,AC41<6,AA41>0,AA41<20)),"Simples",IF(OR(AND(OR(AC41=1, AC41=0),AA41>50),AND(AC41>1,AC41<6,AA41>19,AA41<51),AND(AC41>5,AA41>0,AA41<20)),"Médio",IF(OR(AND(AC41>1,AC41<6,AA41>50),AND(AC41>5,AA41>19,AA41<51),AND(AC41>5,AA41>50)),"Complexo",""))),"")) | AG41: =IF(AE41="",AF41,IF(AF41="",AE41,"")) | AH41: =IF(AND(OR(Z41="EE",Z41="CE"),AG41="Simples"),3, IF(AND(OR(Z41="EE",Z41="CE"),AG41="Médio"),4, IF(AND(OR(Z41="EE",Z41="CE"),AG41="Complexo"),6, IF(AND(Z41="SE",AG41="Simples"),4, IF(AND(Z41="SE",AG41="Médio"),5, IF(AND(Z41="SE",AG41="Complexo"),7,0)))))) -> 0 | AI41: =IF(AND(Z41="ALI",AF41="Simples"),7, IF(AND(Z41="ALI",AF41="Médio"),10, IF(AND(Z41="ALI",AF41="Complexo"),15, IF(AND(Z41="AIE",AF41="Simples"),5, IF(AND(Z41="AIE",AF41="Médio"),7, IF(AND(Z41="AIE",AF41="Complexo"),10,0)))))) -> 0 | AJ41: =IF(W41="OK",S41,( IF(X41<>"Manutenção em interface",IF(X41<>"Desenv., Manutenção e Publicação de Páginas Estáticas",(AH41+AI41)*Y41,Y41),Y41))) -> 0 | AP41: =IF(AJ41=0,"",IF(AJ41=S41,"OK","Divergente"))
C42: =IF(B42<>"",VLOOKUP(B42,'Tipo Projeto'!$A$3:$B$44,2,0),0) -> 0 | M42: =IF(G42="EE",IF(OR(AND(OR(K42=1,K42=0),I42>0,I42<5),AND(OR(K42=1,K42=0),I42>4,I42<16),AND(K42=2,I42>0,I42<5)),"Simples",IF(OR(AND(OR(K42=1,K42=0),I42>15),AND(K42=2,I42>4,I42<16),AND(K42>2,I42>0,I42<5)),"Médio",IF(OR(AND(K42=2,I42>15),AND(K42>2,I42>4,I42<16),AND(K42>2,I42>15)),"Complexo",""))), IF(OR(G42="CE",G42="SE"),IF(OR(AND(OR(K42=1,K42=0),I42>0,I42<6),AND(OR(K42=1,K42=0),I42>5,I42<20),AND(K42>1,K42<4,I42>0,I42<6)),"Simples",IF(OR(AND(OR(K42=1,K42=0),I42>19),AND(K42>1,K42<4,I42>5,I42<20),AND(K42>3,I42>0,I42<6)),"Médio",IF(OR(AND(K42>1,K42<4,I42>19),AND(K42>3,I42>5,I42<20),AND(K42>3,I42>19)),"Complexo",""))),"")) | N42: =IF(G42="ALI",IF(OR(AND(OR(K42=1,K42=0),I42>0,I42<20),AND(OR(K42=1,K42=0),I42>19,I42<51),AND(K42>1,K42<6,I42>0,I42<20)),"Simples",IF(OR(AND(OR(K42=1,K42=0),I42>50),AND(K42>1,K42<6,I42>19,I42<51),AND(K42>5,I42>0,I42<20)),"Médio",IF(OR(AND(K42>1,K42<6,I42>50),AND(K42>5,I42>19,I42<51),AND(K42>5,I42>50)),"Complexo",""))), IF(G42="AIE",IF(OR(AND(OR(K42=1, K42=0),I42>0,I42<20),AND(OR(K42=1, K42=0),I42>19,I42<51),AND(K42>1,K42<6,I42>0,I42<20)),"Simples",IF(OR(AND(OR(K42=1, K42=0),I42>50),AND(K42>1,K42<6,I42>19,I42<51),AND(K42>5,I42>0,I42<20)),"Médio",IF(OR(AND(K42>1,K42<6,I42>50),AND(K42>5,I42>19,I42<51),AND(K42>5,I42>50)),"Complexo",""))),"")) | O42: =IF(M42="",N42,IF(N42="",M42,"")) | P42: =IF(AND(OR(G42="EE",G42="CE"),O42="Simples"),3, IF(AND(OR(G42="EE",G42="CE"),O42="Médio"),4, IF(AND(OR(G42="EE",G42="CE"),O42="Complexo"),6, IF(AND(G42="SE",O42="Simples"),4, IF(AND(G42="SE",O42="Médio"),5, IF(AND(G42="SE",O42="Complexo"),7,0)))))) -> 0 | Q42: =IF(AND(G42="ALI",N42="Simples"),7, IF(AND(G42="ALI",N42="Médio"),10, IF(AND(G42="ALI",N42="Complexo"),15, IF(AND(G42="AIE",N42="Simples"),5, IF(AND(G42="AIE",N42="Médio"),7, IF(AND(G42="AIE",N42="Complexo"),10,0)))))) -> 0 | R42: =IF(G42="INM",C42*H42,IF(AND(OR(G42="EE",G42="CE"),O42="Simples"),3, IF(AND(OR(G42="EE",G42="CE"),O42="Médio"),4, IF(AND(OR(G42="EE",G42="CE"),O42="Complexo"),6, IF(AND(G42="SE",O42="Simples"),4, IF(AND(G42="SE",O42="Médio"),5, IF(AND(G42="SE",O42="Complexo"),7, IF(AND(G42="ALI",O42="Médio"),10, IF(AND(G42="ALI",O42="Simples"),7, IF(AND(G42="ALI",O42="Complexo"),15, IF(AND(G42="AIE",O42="Simples"),5, IF(AND(G42="AIE",O42="Médio"),7, IF(AND(G42="AIE",O42="Complexo"),10,0)) ))))))))))) -> 0 | S42: =IF(G42="INM",C42*H42,IF(B42<>"Manutenção em interface",IF(B42<>"Desenv., Manutenção e Publicação de Páginas Estáticas",(P42+Q42)*C42,C42),C42)) -> 0 | Y42: =IF(X42<>"",VLOOKUP(X42,'Tipo Projeto'!$A$3:$B$44,2,0),0) -> 0 | AE42: =IF(Z42="EE",IF(OR(AND(OR(AC42=1,AC42=0),AA42>0,AA42<5),AND(OR(AC42=1,AC42=0),AA42>4,AA42<16),AND(AC42=2,AA42>0,AA42<5)),"Simples",IF(OR(AND(OR(AC42=1,AC42=0),AA42>15),AND(AC42=2,AA42>4,AA42<16),AND(AC42>2,AA42>0,AA42<5)),"Médio",IF(OR(AND(AC42=2,AA42>15),AND(AC42>2,AA42>4,AA42<16),AND(AC42>2,AA42>15)),"Complexo",""))), IF(OR(Z42="CE",Z42="SE"),IF(OR(AND(OR(AC42=1,AC42=0),AA42>0,AA42<6),AND(OR(AC42=1,AC42=0),AA42>5,AA42<20),AND(AC42>1,AC42<4,AA42>0,AA42<6)),"Simples",IF(OR(AND(OR(AC42=1,AC42=0),AA42>19),AND(AC42>1,AC42<4,AA42>5,AA42<20),AND(AC42>3,AA42>0,AA42<6)),"Médio",IF(OR(AND(AC42>1,AC42<4,AA42>19),AND(AC42>3,AA42>5,AA42<20),AND(AC42>3,AA42>19)),"Complexo",""))),"")) | AF42: =IF(Z42="ALI",IF(OR(AND(OR(AC42=1,AC42=0),AA42>0,AA42<20),AND(OR(AC42=1,AC42=0),AA42>19,AA42<51),AND(AC42>1,AC42<6,AA42>0,AA42<20)),"Simples",IF(OR(AND(OR(AC42=1,AC42=0),AA42>50),AND(AC42>1,AC42<6,AA42>19,AA42<51),AND(AC42>5,AA42>0,AA42<20)),"Médio",IF(OR(AND(AC42>1,AC42<6,AA42>50),AND(AC42>5,AA42>19,AA42<51),AND(AC42>5,AA42>50)),"Complexo",""))), IF(Z42="AIE",IF(OR(AND(OR(AC42=1, AC42=0),AA42>0,AA42<20),AND(OR(AC42=1, AC42=0),AA42>19,AA42<51),AND(AC42>1,AC42<6,AA42>0,AA42<20)),"Simples",IF(OR(AND(OR(AC42=1, AC42=0),AA42>50),AND(AC42>1,AC42<6,AA42>19,AA42<51),AND(AC42>5,AA42>0,AA42<20)),"Médio",IF(OR(AND(AC42>1,AC42<6,AA42>50),AND(AC42>5,AA42>19,AA42<51),AND(AC42>5,AA42>50)),"Complexo",""))),"")) | AG42: =IF(AE42="",AF42,IF(AF42="",AE42,"")) | AH42: =IF(AND(OR(Z42="EE",Z42="CE"),AG42="Simples"),3, IF(AND(OR(Z42="EE",Z42="CE"),AG42="Médio"),4, IF(AND(OR(Z42="EE",Z42="CE"),AG42="Complexo"),6, IF(AND(Z42="SE",AG42="Simples"),4, IF(AND(Z42="SE",AG42="Médio"),5, IF(AND(Z42="SE",AG42="Complexo"),7,0)))))) -> 0 | AI42: =IF(AND(Z42="ALI",AF42="Simples"),7, IF(AND(Z42="ALI",AF42="Médio"),10, IF(AND(Z42="ALI",AF42="Complexo"),15, IF(AND(Z42="AIE",AF42="Simples"),5, IF(AND(Z42="AIE",AF42="Médio"),7, IF(AND(Z42="AIE",AF42="Complexo"),10,0)))))) -> 0 | AJ42: =IF(W42="OK",S42,( IF(X42<>"Manutenção em interface",IF(X42<>"Desenv., Manutenção e Publicação de Páginas Estáticas",(AH42+AI42)*Y42,Y42),Y42))) -> 0 | AP42: =IF(AJ42=0,"",IF(AJ42=S42,"OK","Divergente"))
B43: Guia de Métricas da STI - Aplicação/Desenvolvimento | C43: =IF(B43<>"",VLOOKUP(B43,'Tipo Projeto'!$A$3:$B$44,2,0),0) -> 1 | D43: Gerenciar Prêmio | F43: Pesquisar Premiações | G43: SE | I43: 7 | J43: Nome Período Data de Início Data Fim Qtd Categoria Ação Mensagem | K43: 1 | L43: Premiação | M43: =IF(G43="EE",IF(OR(AND(OR(K43=1,K43=0),I43>0,I43<5),AND(OR(K43=1,K43=0),I43>4,I43<16),AND(K43=2,I43>0,I43<5)),"Simples",IF(OR(AND(OR(K43=1,K43=0),I43>15),AND(K43=2,I43>4,I43<16),AND(K43>2,I43>0,I43<5)),"Médio",IF(OR(AND(K43=2,I43>15),AND(K43>2,I43>4,I43<16),AND(K43>2,I43>15)),"Complexo",""))), IF(OR(G43="CE",G43="SE"),IF(OR(AND(OR(K43=1,K43=0),I43>0,I43<6),AND(OR(K43=1,K43=0),I43>5,I43<20),AND(K43>1,K43<4,I43>0,I43<6)),"Simples",IF(OR(AND(OR(K43=1,K43=0),I43>19),AND(K43>1,K43<4,I43>5,I43<20),AND(K43>3,I43>0,I43<6)),"Médio",IF(OR(AND(K43>1,K43<4,I43>19),AND(K43>3,I43>5,I43<20),AND(K43>3,I43>19)),"Complexo",""))),"")) -> Simples | N43: =IF(G43="ALI",IF(OR(AND(OR(K43=1,K43=0),I43>0,I43<20),AND(OR(K43=1,K43=0),I43>19,I43<51),AND(K43>1,K43<6,I43>0,I43<20)),"Simples",IF(OR(AND(OR(K43=1,K43=0),I43>50),AND(K43>1,K43<6,I43>19,I43<51),AND(K43>5,I43>0,I43<20)),"Médio",IF(OR(AND(K43>1,K43<6,I43>50),AND(K43>5,I43>19,I43<51),AND(K43>5,I43>50)),"Complexo",""))), IF(G43="AIE",IF(OR(AND(OR(K43=1, K43=0),I43>0,I43<20),AND(OR(K43=1, K43=0),I43>19,I43<51),AND(K43>1,K43<6,I43>0,I43<20)),"Simples",IF(OR(AND(OR(K43=1, K43=0),I43>50),AND(K43>1,K43<6,I43>19,I43<51),AND(K43>5,I43>0,I43<20)),"Médio",IF(OR(AND(K43>1,K43<6,I43>50),AND(K43>5,I43>19,I43<51),AND(K43>5,I43>50)),"Complexo",""))),"")) | O43: =IF(M43="",N43,IF(N43="",M43,"")) -> Simples | P43: =IF(AND(OR(G43="EE",G43="CE"),O43="Simples"),3, IF(AND(OR(G43="EE",G43="CE"),O43="Médio"),4, IF(AND(OR(G43="EE",G43="CE"),O43="Complexo"),6, IF(AND(G43="SE",O43="Simples"),4, IF(AND(G43="SE",O43="Médio"),5, IF(AND(G43="SE",O43="Complexo"),7,0)))))) -> 4 | Q43: =IF(AND(G43="ALI",N43="Simples"),7, IF(AND(G43="ALI",N43="Médio"),10, IF(AND(G43="ALI",N43="Complexo"),15, IF(AND(G43="AIE",N43="Simples"),5, IF(AND(G43="AIE",N43="Médio"),7, IF(AND(G43="AIE",N43="Complexo"),10,0)))))) -> 0 | R43: =IF(G43="INM",C43*H43,IF(AND(OR(G43="EE",G43="CE"),O43="Simples"),3, IF(AND(OR(G43="EE",G43="CE"),O43="Médio"),4, IF(AND(OR(G43="EE",G43="CE"),O43="Complexo"),6, IF(AND(G43="SE",O43="Simples"),4, IF(AND(G43="SE",O43="Médio"),5, IF(AND(G43="SE",O43="Complexo"),7, IF(AND(G43="ALI",O43="Médio"),10, IF(AND(G43="ALI",O43="Simples"),7, IF(AND(G43="ALI",O43="Complexo"),15, IF(AND(G43="AIE",O43="Simples"),5, IF(AND(G43="AIE",O43="Médio"),7, IF(AND(G43="AIE",O43="Complexo"),10,0)) ))))))))))) -> 4 | S43: =IF(G43="INM",C43*H43,IF(B43<>"Manutenção em interface",IF(B43<>"Desenv., Manutenção e Publicação de Páginas Estáticas",(P43+Q43)*C43,C43),C43)) -> 4 | T43: PDTIC25093-13;PDTIC25093-14 | Y43: =IF(X43<>"",VLOOKUP(X43,'Tipo Projeto'!$A$3:$B$44,2,0),0) -> 0 | AE43: =IF(Z43="EE",IF(OR(AND(OR(AC43=1,AC43=0),AA43>0,AA43<5),AND(OR(AC43=1,AC43=0),AA43>4,AA43<16),AND(AC43=2,AA43>0,AA43<5)),"Simples",IF(OR(AND(OR(AC43=1,AC43=0),AA43>15),AND(AC43=2,AA43>4,AA43<16),AND(AC43>2,AA43>0,AA43<5)),"Médio",IF(OR(AND(AC43=2,AA43>15),AND(AC43>2,AA43>4,AA43<16),AND(AC43>2,AA43>15)),"Complexo",""))), IF(OR(Z43="CE",Z43="SE"),IF(OR(AND(OR(AC43=1,AC43=0),AA43>0,AA43<6),AND(OR(AC43=1,AC43=0),AA43>5,AA43<20),AND(AC43>1,AC43<4,AA43>0,AA43<6)),"Simples",IF(OR(AND(OR(AC43=1,AC43=0),AA43>19),AND(AC43>1,AC43<4,AA43>5,AA43<20),AND(AC43>3,AA43>0,AA43<6)),"Médio",IF(OR(AND(AC43>1,AC43<4,AA43>19),AND(AC43>3,AA43>5,AA43<20),AND(AC43>3,AA43>19)),"Complexo",""))),"")) | AF43: =IF(Z43="ALI",IF(OR(AND(OR(AC43=1,AC43=0),AA43>0,AA43<20),AND(OR(AC43=1,AC43=0),AA43>19,AA43<51),AND(AC43>1,AC43<6,AA43>0,AA43<20)),"Simples",IF(OR(AND(OR(AC43=1,AC43=0),AA43>50),AND(AC43>1,AC43<6,AA43>19,AA43<51),AND(AC43>5,AA43>0,AA43<20)),"Médio",IF(OR(AND(AC43>1,AC43<6,AA43>50),AND(AC43>5,AA43>19,AA43<51),AND(AC43>5,AA43>50)),"Complexo",""))), IF(Z43="AIE",IF(OR(AND(OR(AC43=1, AC43=0),AA43>0,AA43<20),AND(OR(AC43=1, AC43=0),AA43>19,AA43<51),AND(AC43>1,AC43<6,AA43>0,AA43<20)),"Simples",IF(OR(AND(OR(AC43=1, AC43=0),AA43>50),AND(AC43>1,AC43<6,AA43>19,AA43<51),AND(AC43>5,AA43>0,AA43<20)),"Médio",IF(OR(AND(AC43>1,AC43<6,AA43>50),AND(AC43>5,AA43>19,AA43<51),AND(AC43>5,AA43>50)),"Complexo",""))),"")) | AG43: =IF(AE43="",AF43,IF(AF43="",AE43,"")) | AH43: =IF(AND(OR(Z43="EE",Z43="CE"),AG43="Simples"),3, IF(AND(OR(Z43="EE",Z43="CE"),AG43="Médio"),4, IF(AND(OR(Z43="EE",Z43="CE"),AG43="Complexo"),6, IF(AND(Z43="SE",AG43="Simples"),4, IF(AND(Z43="SE",AG43="Médio"),5, IF(AND(Z43="SE",AG43="Complexo"),7,0)))))) -> 0 | AI43: =IF(AND(Z43="ALI",AF43="Simples"),7, IF(AND(Z43="ALI",AF43="Médio"),10, IF(AND(Z43="ALI",AF43="Complexo"),15, IF(AND(Z43="AIE",AF43="Simples"),5, IF(AND(Z43="AIE",AF43="Médio"),7, IF(AND(Z43="AIE",AF43="Complexo"),10,0)))))) -> 0 | AJ43: =IF(W43="OK",S43,( IF(X43<>"Manutenção em interface",IF(X43<>"Desenv., Manutenção e Publicação de Páginas Estáticas",(AH43+AI43)*Y43,Y43),Y43))) -> 0 | AP43: =IF(AJ43=0,"",IF(AJ43=S43,"OK","Divergente"))
B44: Guia de Métricas da STI - Aplicação/Desenvolvimento | C44: =IF(B44<>"",VLOOKUP(B44,'Tipo Projeto'!$A$3:$B$44,2,0),0) -> 1 | D44: Gerenciar Prêmio | F44: Incluir Prêmio | G44: EE | I44: 6 | J44: Nome Descrição Data Início Data Fim Ação Mensagem | K44: 1 | L44: Premiação | M44: =IF(G44="EE",IF(OR(AND(OR(K44=1,K44=0),I44>0,I44<5),AND(OR(K44=1,K44=0),I44>4,I44<16),AND(K44=2,I44>0,I44<5)),"Simples",IF(OR(AND(OR(K44=1,K44=0),I44>15),AND(K44=2,I44>4,I44<16),AND(K44>2,I44>0,I44<5)),"Médio",IF(OR(AND(K44=2,I44>15),AND(K44>2,I44>4,I44<16),AND(K44>2,I44>15)),"Complexo",""))), IF(OR(G44="CE",G44="SE"),IF(OR(AND(OR(K44=1,K44=0),I44>0,I44<6),AND(OR(K44=1,K44=0),I44>5,I44<20),AND(K44>1,K44<4,I44>0,I44<6)),"Simples",IF(OR(AND(OR(K44=1,K44=0),I44>19),AND(K44>1,K44<4,I44>5,I44<20),AND(K44>3,I44>0,I44<6)),"Médio",IF(OR(AND(K44>1,K44<4,I44>19),AND(K44>3,I44>5,I44<20),AND(K44>3,I44>19)),"Complexo",""))),"")) -> Simples | N44: =IF(G44="ALI",IF(OR(AND(OR(K44=1,K44=0),I44>0,I44<20),AND(OR(K44=1,K44=0),I44>19,I44<51),AND(K44>1,K44<6,I44>0,I44<20)),"Simples",IF(OR(AND(OR(K44=1,K44=0),I44>50),AND(K44>1,K44<6,I44>19,I44<51),AND(K44>5,I44>0,I44<20)),"Médio",IF(OR(AND(K44>1,K44<6,I44>50),AND(K44>5,I44>19,I44<51),AND(K44>5,I44>50)),"Complexo",""))), IF(G44="AIE",IF(OR(AND(OR(K44=1, K44=0),I44>0,I44<20),AND(OR(K44=1, K44=0),I44>19,I44<51),AND(K44>1,K44<6,I44>0,I44<20)),"Simples",IF(OR(AND(OR(K44=1, K44=0),I44>50),AND(K44>1,K44<6,I44>19,I44<51),AND(K44>5,I44>0,I44<20)),"Médio",IF(OR(AND(K44>1,K44<6,I44>50),AND(K44>5,I44>19,I44<51),AND(K44>5,I44>50)),"Complexo",""))),"")) | O44: =IF(M44="",N44,IF(N44="",M44,"")) -> Simples | P44: =IF(AND(OR(G44="EE",G44="CE"),O44="Simples"),3, IF(AND(OR(G44="EE",G44="CE"),O44="Médio"),4, IF(AND(OR(G44="EE",G44="CE"),O44="Complexo"),6, IF(AND(G44="SE",O44="Simples"),4, IF(AND(G44="SE",O44="Médio"),5, IF(AND(G44="SE",O44="Complexo"),7,0)))))) -> 3 | Q44: =IF(AND(G44="ALI",N44="Simples"),7, IF(AND(G44="ALI",N44="Médio"),10, IF(AND(G44="ALI",N44="Complexo"),15, IF(AND(G44="AIE",N44="Simples"),5, IF(AND(G44="AIE",N44="Médio"),7, IF(AND(G44="AIE",N44="Complexo"),10,0)))))) -> 0 | R44: =IF(G44="INM",C44*H44,IF(AND(OR(G44="EE",G44="CE"),O44="Simples"),3, IF(AND(OR(G44="EE",G44="CE"),O44="Médio"),4, IF(AND(OR(G44="EE",G44="CE"),O44="Complexo"),6, IF(AND(G44="SE",O44="Simples"),4, IF(AND(G44="SE",O44="Médio"),5, IF(AND(G44="SE",O44="Complexo"),7, IF(AND(G44="ALI",O44="Médio"),10, IF(AND(G44="ALI",O44="Simples"),7, IF(AND(G44="ALI",O44="Complexo"),15, IF(AND(G44="AIE",O44="Simples"),5, IF(AND(G44="AIE",O44="Médio"),7, IF(AND(G44="AIE",O44="Complexo"),10,0)) ))))))))))) -> 3 | S44: =IF(G44="INM",C44*H44,IF(B44<>"Manutenção em interface",IF(B44<>"Desenv., Manutenção e Publicação de Páginas Estáticas",(P44+Q44)*C44,C44),C44)) -> 3 | T44: PDTIC25093-13;PDTIC25093-14 | Y44: =IF(X44<>"",VLOOKUP(X44,'Tipo Projeto'!$A$3:$B$44,2,0),0) -> 0 | AE44: =IF(Z44="EE",IF(OR(AND(OR(AC44=1,AC44=0),AA44>0,AA44<5),AND(OR(AC44=1,AC44=0),AA44>4,AA44<16),AND(AC44=2,AA44>0,AA44<5)),"Simples",IF(OR(AND(OR(AC44=1,AC44=0),AA44>15),AND(AC44=2,AA44>4,AA44<16),AND(AC44>2,AA44>0,AA44<5)),"Médio",IF(OR(AND(AC44=2,AA44>15),AND(AC44>2,AA44>4,AA44<16),AND(AC44>2,AA44>15)),"Complexo",""))), IF(OR(Z44="CE",Z44="SE"),IF(OR(AND(OR(AC44=1,AC44=0),AA44>0,AA44<6),AND(OR(AC44=1,AC44=0),AA44>5,AA44<20),AND(AC44>1,AC44<4,AA44>0,AA44<6)),"Simples",IF(OR(AND(OR(AC44=1,AC44=0),AA44>19),AND(AC44>1,AC44<4,AA44>5,AA44<20),AND(AC44>3,AA44>0,AA44<6)),"Médio",IF(OR(AND(AC44>1,AC44<4,AA44>19),AND(AC44>3,AA44>5,AA44<20),AND(AC44>3,AA44>19)),"Complexo",""))),"")) | AF44: =IF(Z44="ALI",IF(OR(AND(OR(AC44=1,AC44=0),AA44>0,AA44<20),AND(OR(AC44=1,AC44=0),AA44>19,AA44<51),AND(AC44>1,AC44<6,AA44>0,AA44<20)),"Simples",IF(OR(AND(OR(AC44=1,AC44=0),AA44>50),AND(AC44>1,AC44<6,AA44>19,AA44<51),AND(AC44>5,AA44>0,AA44<20)),"Médio",IF(OR(AND(AC44>1,AC44<6,AA44>50),AND(AC44>5,AA44>19,AA44<51),AND(AC44>5,AA44>50)),"Complexo",""))), IF(Z44="AIE",IF(OR(AND(OR(AC44=1, AC44=0),AA44>0,AA44<20),AND(OR(AC44=1, AC44=0),AA44>19,AA44<51),AND(AC44>1,AC44<6,AA44>0,AA44<20)),"Simples",IF(OR(AND(OR(AC44=1, AC44=0),AA44>50),AND(AC44>1,AC44<6,AA44>19,AA44<51),AND(AC44>5,AA44>0,AA44<20)),"Médio",IF(OR(AND(AC44>1,AC44<6,AA44>50),AND(AC44>5,AA44>19,AA44<51),AND(AC44>5,AA44>50)),"Complexo",""))),"")) | AG44: =IF(AE44="",AF44,IF(AF44="",AE44,"")) | AH44: =IF(AND(OR(Z44="EE",Z44="CE"),AG44="Simples"),3, IF(AND(OR(Z44="EE",Z44="CE"),AG44="Médio"),4, IF(AND(OR(Z44="EE",Z44="CE"),AG44="Complexo"),6, IF(AND(Z44="SE",AG44="Simples"),4, IF(AND(Z44="SE",AG44="Médio"),5, IF(AND(Z44="SE",AG44="Complexo"),7,0)))))) -> 0 | AI44: =IF(AND(Z44="ALI",AF44="Simples"),7, IF(AND(Z44="ALI",AF44="Médio"),10, IF(AND(Z44="ALI",AF44="Complexo"),15, IF(AND(Z44="AIE",AF44="Simples"),5, IF(AND(Z44="AIE",AF44="Médio"),7, IF(AND(Z44="AIE",AF44="Complexo"),10,0)))))) -> 0 | AJ44: =IF(W44="OK",S44,( IF(X44<>"Manutenção em interface",IF(X44<>"Desenv., Manutenção e Publicação de Páginas Estáticas",(AH44+AI44)*Y44,Y44),Y44))) -> 0 | AP44: =IF(AJ44=0,"",IF(AJ44=S44,"OK","Divergente"))
B45: Guia de Métricas da STI - Aplicação/Desenvolvimento | C45: =IF(B45<>"",VLOOKUP(B45,'Tipo Projeto'!$A$3:$B$44,2,0),0) -> 1 | D45: Gerenciar Prêmio | F45: Consultar Links Públicos de Inscrição | G45: CE | I45: 3 | J45: Tipo de Participante URL Ação | K45: 1 | L45: Premiação | M45: =IF(G45="EE",IF(OR(AND(OR(K45=1,K45=0),I45>0,I45<5),AND(OR(K45=1,K45=0),I45>4,I45<16),AND(K45=2,I45>0,I45<5)),"Simples",IF(OR(AND(OR(K45=1,K45=0),I45>15),AND(K45=2,I45>4,I45<16),AND(K45>2,I45>0,I45<5)),"Médio",IF(OR(AND(K45=2,I45>15),AND(K45>2,I45>4,I45<16),AND(K45>2,I45>15)),"Complexo",""))), IF(OR(G45="CE",G45="SE"),IF(OR(AND(OR(K45=1,K45=0),I45>0,I45<6),AND(OR(K45=1,K45=0),I45>5,I45<20),AND(K45>1,K45<4,I45>0,I45<6)),"Simples",IF(OR(AND(OR(K45=1,K45=0),I45>19),AND(K45>1,K45<4,I45>5,I45<20),AND(K45>3,I45>0,I45<6)),"Médio",IF(OR(AND(K45>1,K45<4,I45>19),AND(K45>3,I45>5,I45<20),AND(K45>3,I45>19)),"Complexo",""))),"")) -> Simples | N45: =IF(G45="ALI",IF(OR(AND(OR(K45=1,K45=0),I45>0,I45<20),AND(OR(K45=1,K45=0),I45>19,I45<51),AND(K45>1,K45<6,I45>0,I45<20)),"Simples",IF(OR(AND(OR(K45=1,K45=0),I45>50),AND(K45>1,K45<6,I45>19,I45<51),AND(K45>5,I45>0,I45<20)),"Médio",IF(OR(AND(K45>1,K45<6,I45>50),AND(K45>5,I45>19,I45<51),AND(K45>5,I45>50)),"Complexo",""))), IF(G45="AIE",IF(OR(AND(OR(K45=1, K45=0),I45>0,I45<20),AND(OR(K45=1, K45=0),I45>19,I45<51),AND(K45>1,K45<6,I45>0,I45<20)),"Simples",IF(OR(AND(OR(K45=1, K45=0),I45>50),AND(K45>1,K45<6,I45>19,I45<51),AND(K45>5,I45>0,I45<20)),"Médio",IF(OR(AND(K45>1,K45<6,I45>50),AND(K45>5,I45>19,I45<51),AND(K45>5,I45>50)),"Complexo",""))),"")) | O45: =IF(M45="",N45,IF(N45="",M45,"")) -> Simples | P45: =IF(AND(OR(G45="EE",G45="CE"),O45="Simples"),3, IF(AND(OR(G45="EE",G45="CE"),O45="Médio"),4, IF(AND(OR(G45="EE",G45="CE"),O45="Complexo"),6, IF(AND(G45="SE",O45="Simples"),4, IF(AND(G45="SE",O45="Médio"),5, IF(AND(G45="SE",O45="Complexo"),7,0)))))) -> 3 | Q45: =IF(AND(G45="ALI",N45="Simples"),7, IF(AND(G45="ALI",N45="Médio"),10, IF(AND(G45="ALI",N45="Complexo"),15, IF(AND(G45="AIE",N45="Simples"),5, IF(AND(G45="AIE",N45="Médio"),7, IF(AND(G45="AIE",N45="Complexo"),10,0)))))) -> 0 | R45: =IF(G45="INM",C45*H45,IF(AND(OR(G45="EE",G45="CE"),O45="Simples"),3, IF(AND(OR(G45="EE",G45="CE"),O45="Médio"),4, IF(AND(OR(G45="EE",G45="CE"),O45="Complexo"),6, IF(AND(G45="SE",O45="Simples"),4, IF(AND(G45="SE",O45="Médio"),5, IF(AND(G45="SE",O45="Complexo"),7, IF(AND(G45="ALI",O45="Médio"),10, IF(AND(G45="ALI",O45="Simples"),7, IF(AND(G45="ALI",O45="Complexo"),15, IF(AND(G45="AIE",O45="Simples"),5, IF(AND(G45="AIE",O45="Médio"),7, IF(AND(G45="AIE",O45="Complexo"),10,0)) ))))))))))) -> 3 | S45: =IF(G45="INM",C45*H45,IF(B45<>"Manutenção em interface",IF(B45<>"Desenv., Manutenção e Publicação de Páginas Estáticas",(P45+Q45)*C45,C45),C45)) -> 3 | Y45: =IF(X45<>"",VLOOKUP(X45,'Tipo Projeto'!$A$3:$B$44,2,0),0) -> 0 | AE45: =IF(Z45="EE",IF(OR(AND(OR(AC45=1,AC45=0),AA45>0,AA45<5),AND(OR(AC45=1,AC45=0),AA45>4,AA45<16),AND(AC45=2,AA45>0,AA45<5)),"Simples",IF(OR(AND(OR(AC45=1,AC45=0),AA45>15),AND(AC45=2,AA45>4,AA45<16),AND(AC45>2,AA45>0,AA45<5)),"Médio",IF(OR(AND(AC45=2,AA45>15),AND(AC45>2,AA45>4,AA45<16),AND(AC45>2,AA45>15)),"Complexo",""))), IF(OR(Z45="CE",Z45="SE"),IF(OR(AND(OR(AC45=1,AC45=0),AA45>0,AA45<6),AND(OR(AC45=1,AC45=0),AA45>5,AA45<20),AND(AC45>1,AC45<4,AA45>0,AA45<6)),"Simples",IF(OR(AND(OR(AC45=1,AC45=0),AA45>19),AND(AC45>1,AC45<4,AA45>5,AA45<20),AND(AC45>3,AA45>0,AA45<6)),"Médio",IF(OR(AND(AC45>1,AC45<4,AA45>19),AND(AC45>3,AA45>5,AA45<20),AND(AC45>3,AA45>19)),"Complexo",""))),"")) | AF45: =IF(Z45="ALI",IF(OR(AND(OR(AC45=1,AC45=0),AA45>0,AA45<20),AND(OR(AC45=1,AC45=0),AA45>19,AA45<51),AND(AC45>1,AC45<6,AA45>0,AA45<20)),"Simples",IF(OR(AND(OR(AC45=1,AC45=0),AA45>50),AND(AC45>1,AC45<6,AA45>19,AA45<51),AND(AC45>5,AA45>0,AA45<20)),"Médio",IF(OR(AND(AC45>1,AC45<6,AA45>50),AND(AC45>5,AA45>19,AA45<51),AND(AC45>5,AA45>50)),"Complexo",""))), IF(Z45="AIE",IF(OR(AND(OR(AC45=1, AC45=0),AA45>0,AA45<20),AND(OR(AC45=1, AC45=0),AA45>19,AA45<51),AND(AC45>1,AC45<6,AA45>0,AA45<20)),"Simples",IF(OR(AND(OR(AC45=1, AC45=0),AA45>50),AND(AC45>1,AC45<6,AA45>19,AA45<51),AND(AC45>5,AA45>0,AA45<20)),"Médio",IF(OR(AND(AC45>1,AC45<6,AA45>50),AND(AC45>5,AA45>19,AA45<51),AND(AC45>5,AA45>50)),"Complexo",""))),"")) | AG45: =IF(AE45="",AF45,IF(AF45="",AE45,"")) | AH45: =IF(AND(OR(Z45="EE",Z45="CE"),AG45="Simples"),3, IF(AND(OR(Z45="EE",Z45="CE"),AG45="Médio"),4, IF(AND(OR(Z45="EE",Z45="CE"),AG45="Complexo"),6, IF(AND(Z45="SE",AG45="Simples"),4, IF(AND(Z45="SE",AG45="Médio"),5, IF(AND(Z45="SE",AG45="Complexo"),7,0)))))) -> 0 | AI45: =IF(AND(Z45="ALI",AF45="Simples"),7, IF(AND(Z45="ALI",AF45="Médio"),10, IF(AND(Z45="ALI",AF45="Complexo"),15, IF(AND(Z45="AIE",AF45="Simples"),5, IF(AND(Z45="AIE",AF45="Médio"),7, IF(AND(Z45="AIE",AF45="Complexo"),10,0)))))) -> 0 | AJ45: =IF(W45="OK",S45,( IF(X45<>"Manutenção em interface",IF(X45<>"Desenv., Manutenção e Publicação de Páginas Estáticas",(AH45+AI45)*Y45,Y45),Y45))) -> 0 | AP45: =IF(AJ45=0,"",IF(AJ45=S45,"OK","Divergente"))
B46: Guia de Métricas da STI - Aplicação/Desenvolvimento | C46: =IF(B46<>"",VLOOKUP(B46,'Tipo Projeto'!$A$3:$B$44,2,0),0) -> 1 | D46: Gerenciar Prêmio | F46: Gerar Novo Link | G46: EE | I46: 5 | J46: Categoria Modalidade Tipo de Participante Ação Mensagem | K46: 4 | L46: Premiação Categoria Modalidade Tipo de Participante | M46: =IF(G46="EE",IF(OR(AND(OR(K46=1,K46=0),I46>0,I46<5),AND(OR(K46=1,K46=0),I46>4,I46<16),AND(K46=2,I46>0,I46<5)),"Simples",IF(OR(AND(OR(K46=1,K46=0),I46>15),AND(K46=2,I46>4,I46<16),AND(K46>2,I46>0,I46<5)),"Médio",IF(OR(AND(K46=2,I46>15),AND(K46>2,I46>4,I46<16),AND(K46>2,I46>15)),"Complexo",""))), IF(OR(G46="CE",G46="SE"),IF(OR(AND(OR(K46=1,K46=0),I46>0,I46<6),AND(OR(K46=1,K46=0),I46>5,I46<20),AND(K46>1,K46<4,I46>0,I46<6)),"Simples",IF(OR(AND(OR(K46=1,K46=0),I46>19),AND(K46>1,K46<4,I46>5,I46<20),AND(K46>3,I46>0,I46<6)),"Médio",IF(OR(AND(K46>1,K46<4,I46>19),AND(K46>3,I46>5,I46<20),AND(K46>3,I46>19)),"Complexo",""))),"")) -> Complexo | N46: =IF(G46="ALI",IF(OR(AND(OR(K46=1,K46=0),I46>0,I46<20),AND(OR(K46=1,K46=0),I46>19,I46<51),AND(K46>1,K46<6,I46>0,I46<20)),"Simples",IF(OR(AND(OR(K46=1,K46=0),I46>50),AND(K46>1,K46<6,I46>19,I46<51),AND(K46>5,I46>0,I46<20)),"Médio",IF(OR(AND(K46>1,K46<6,I46>50),AND(K46>5,I46>19,I46<51),AND(K46>5,I46>50)),"Complexo",""))), IF(G46="AIE",IF(OR(AND(OR(K46=1, K46=0),I46>0,I46<20),AND(OR(K46=1, K46=0),I46>19,I46<51),AND(K46>1,K46<6,I46>0,I46<20)),"Simples",IF(OR(AND(OR(K46=1, K46=0),I46>50),AND(K46>1,K46<6,I46>19,I46<51),AND(K46>5,I46>0,I46<20)),"Médio",IF(OR(AND(K46>1,K46<6,I46>50),AND(K46>5,I46>19,I46<51),AND(K46>5,I46>50)),"Complexo",""))),"")) | O46: =IF(M46="",N46,IF(N46="",M46,"")) -> Complexo | P46: =IF(AND(OR(G46="EE",G46="CE"),O46="Simples"),3, IF(AND(OR(G46="EE",G46="CE"),O46="Médio"),4, IF(AND(OR(G46="EE",G46="CE"),O46="Complexo"),6, IF(AND(G46="SE",O46="Simples"),4, IF(AND(G46="SE",O46="Médio"),5, IF(AND(G46="SE",O46="Complexo"),7,0)))))) -> 6 | Q46: =IF(AND(G46="ALI",N46="Simples"),7, IF(AND(G46="ALI",N46="Médio"),10, IF(AND(G46="ALI",N46="Complexo"),15, IF(AND(G46="AIE",N46="Simples"),5, IF(AND(G46="AIE",N46="Médio"),7, IF(AND(G46="AIE",N46="Complexo"),10,0)))))) -> 0 | R46: =IF(G46="INM",C46*H46,IF(AND(OR(G46="EE",G46="CE"),O46="Simples"),3, IF(AND(OR(G46="EE",G46="CE"),O46="Médio"),4, IF(AND(OR(G46="EE",G46="CE"),O46="Complexo"),6, IF(AND(G46="SE",O46="Simples"),4, IF(AND(G46="SE",O46="Médio"),5, IF(AND(G46="SE",O46="Complexo"),7, IF(AND(G46="ALI",O46="Médio"),10, IF(AND(G46="ALI",O46="Simples"),7, IF(AND(G46="ALI",O46="Complexo"),15, IF(AND(G46="AIE",O46="Simples"),5, IF(AND(G46="AIE",O46="Médio"),7, IF(AND(G46="AIE",O46="Complexo"),10,0)) ))))))))))) -> 6 | S46: =IF(G46="INM",C46*H46,IF(B46<>"Manutenção em interface",IF(B46<>"Desenv., Manutenção e Publicação de Páginas Estáticas",(P46+Q46)*C46,C46),C46)) -> 6 | Y46: =IF(X46<>"",VLOOKUP(X46,'Tipo Projeto'!$A$3:$B$44,2,0),0) -> 0 | AE46: =IF(Z46="EE",IF(OR(AND(OR(AC46=1,AC46=0),AA46>0,AA46<5),AND(OR(AC46=1,AC46=0),AA46>4,AA46<16),AND(AC46=2,AA46>0,AA46<5)),"Simples",IF(OR(AND(OR(AC46=1,AC46=0),AA46>15),AND(AC46=2,AA46>4,AA46<16),AND(AC46>2,AA46>0,AA46<5)),"Médio",IF(OR(AND(AC46=2,AA46>15),AND(AC46>2,AA46>4,AA46<16),AND(AC46>2,AA46>15)),"Complexo",""))), IF(OR(Z46="CE",Z46="SE"),IF(OR(AND(OR(AC46=1,AC46=0),AA46>0,AA46<6),AND(OR(AC46=1,AC46=0),AA46>5,AA46<20),AND(AC46>1,AC46<4,AA46>0,AA46<6)),"Simples",IF(OR(AND(OR(AC46=1,AC46=0),AA46>19),AND(AC46>1,AC46<4,AA46>5,AA46<20),AND(AC46>3,AA46>0,AA46<6)),"Médio",IF(OR(AND(AC46>1,AC46<4,AA46>19),AND(AC46>3,AA46>5,AA46<20),AND(AC46>3,AA46>19)),"Complexo",""))),"")) | AF46: =IF(Z46="ALI",IF(OR(AND(OR(AC46=1,AC46=0),AA46>0,AA46<20),AND(OR(AC46=1,AC46=0),AA46>19,AA46<51),AND(AC46>1,AC46<6,AA46>0,AA46<20)),"Simples",IF(OR(AND(OR(AC46=1,AC46=0),AA46>50),AND(AC46>1,AC46<6,AA46>19,AA46<51),AND(AC46>5,AA46>0,AA46<20)),"Médio",IF(OR(AND(AC46>1,AC46<6,AA46>50),AND(AC46>5,AA46>19,AA46<51),AND(AC46>5,AA46>50)),"Complexo",""))), IF(Z46="AIE",IF(OR(AND(OR(AC46=1, AC46=0),AA46>0,AA46<20),AND(OR(AC46=1, AC46=0),AA46>19,AA46<51),AND(AC46>1,AC46<6,AA46>0,AA46<20)),"Simples",IF(OR(AND(OR(AC46=1, AC46=0),AA46>50),AND(AC46>1,AC46<6,AA46>19,AA46<51),AND(AC46>5,AA46>0,AA46<20)),"Médio",IF(OR(AND(AC46>1,AC46<6,AA46>50),AND(AC46>5,AA46>19,AA46<51),AND(AC46>5,AA46>50)),"Complexo",""))),"")) | AG46: =IF(AE46="",AF46,IF(AF46="",AE46,"")) | AH46: =IF(AND(OR(Z46="EE",Z46="CE"),AG46="Simples"),3, IF(AND(OR(Z46="EE",Z46="CE"),AG46="Médio"),4, IF(AND(OR(Z46="EE",Z46="CE"),AG46="Complexo"),6, IF(AND(Z46="SE",AG46="Simples"),4, IF(AND(Z46="SE",AG46="Médio"),5, IF(AND(Z46="SE",AG46="Complexo"),7,0)))))) -> 0 | AI46: =IF(AND(Z46="ALI",AF46="Simples"),7, IF(AND(Z46="ALI",AF46="Médio"),10, IF(AND(Z46="ALI",AF46="Complexo"),15, IF(AND(Z46="AIE",AF46="Simples"),5, IF(AND(Z46="AIE",AF46="Médio"),7, IF(AND(Z46="AIE",AF46="Complexo"),10,0)))))) -> 0 | AJ46: =IF(W46="OK",S46,( IF(X46<>"Manutenção em interface",IF(X46<>"Desenv., Manutenção e Publicação de Páginas Estáticas",(AH46+AI46)*Y46,Y46),Y46))) -> 0 | AP46: =IF(AJ46=0,"",IF(AJ46=S46,"OK","Divergente"))
B47: Guia de Métricas da STI - Aplicação/Desenvolvimento | C47: =IF(B47<>"",VLOOKUP(B47,'Tipo Projeto'!$A$3:$B$44,2,0),0) -> 1 | D47: Gerenciar Prêmio | F47: Consultar Categorias (combo) | G47: CE | I47: 3 | J47: Premiação Categoria Ação | K47: 2 | L47: Premiação Categoria | M47: =IF(G47="EE",IF(OR(AND(OR(K47=1,K47=0),I47>0,I47<5),AND(OR(K47=1,K47=0),I47>4,I47<16),AND(K47=2,I47>0,I47<5)),"Simples",IF(OR(AND(OR(K47=1,K47=0),I47>15),AND(K47=2,I47>4,I47<16),AND(K47>2,I47>0,I47<5)),"Médio",IF(OR(AND(K47=2,I47>15),AND(K47>2,I47>4,I47<16),AND(K47>2,I47>15)),"Complexo",""))), IF(OR(G47="CE",G47="SE"),IF(OR(AND(OR(K47=1,K47=0),I47>0,I47<6),AND(OR(K47=1,K47=0),I47>5,I47<20),AND(K47>1,K47<4,I47>0,I47<6)),"Simples",IF(OR(AND(OR(K47=1,K47=0),I47>19),AND(K47>1,K47<4,I47>5,I47<20),AND(K47>3,I47>0,I47<6)),"Médio",IF(OR(AND(K47>1,K47<4,I47>19),AND(K47>3,I47>5,I47<20),AND(K47>3,I47>19)),"Complexo",""))),"")) -> Simples | N47: =IF(G47="ALI",IF(OR(AND(OR(K47=1,K47=0),I47>0,I47<20),AND(OR(K47=1,K47=0),I47>19,I47<51),AND(K47>1,K47<6,I47>0,I47<20)),"Simples",IF(OR(AND(OR(K47=1,K47=0),I47>50),AND(K47>1,K47<6,I47>19,I47<51),AND(K47>5,I47>0,I47<20)),"Médio",IF(OR(AND(K47>1,K47<6,I47>50),AND(K47>5,I47>19,I47<51),AND(K47>5,I47>50)),"Complexo",""))), IF(G47="AIE",IF(OR(AND(OR(K47=1, K47=0),I47>0,I47<20),AND(OR(K47=1, K47=0),I47>19,I47<51),AND(K47>1,K47<6,I47>0,I47<20)),"Simples",IF(OR(AND(OR(K47=1, K47=0),I47>50),AND(K47>1,K47<6,I47>19,I47<51),AND(K47>5,I47>0,I47<20)),"Médio",IF(OR(AND(K47>1,K47<6,I47>50),AND(K47>5,I47>19,I47<51),AND(K47>5,I47>50)),"Complexo",""))),"")) | O47: =IF(M47="",N47,IF(N47="",M47,"")) -> Simples | P47: =IF(AND(OR(G47="EE",G47="CE"),O47="Simples"),3, IF(AND(OR(G47="EE",G47="CE"),O47="Médio"),4, IF(AND(OR(G47="EE",G47="CE"),O47="Complexo"),6, IF(AND(G47="SE",O47="Simples"),4, IF(AND(G47="SE",O47="Médio"),5, IF(AND(G47="SE",O47="Complexo"),7,0)))))) -> 3 | Q47: =IF(AND(G47="ALI",N47="Simples"),7, IF(AND(G47="ALI",N47="Médio"),10, IF(AND(G47="ALI",N47="Complexo"),15, IF(AND(G47="AIE",N47="Simples"),5, IF(AND(G47="AIE",N47="Médio"),7, IF(AND(G47="AIE",N47="Complexo"),10,0)))))) -> 0 | R47: =IF(G47="INM",C47*H47,IF(AND(OR(G47="EE",G47="CE"),O47="Simples"),3, IF(AND(OR(G47="EE",G47="CE"),O47="Médio"),4, IF(AND(OR(G47="EE",G47="CE"),O47="Complexo"),6, IF(AND(G47="SE",O47="Simples"),4, IF(AND(G47="SE",O47="Médio"),5, IF(AND(G47="SE",O47="Complexo"),7, IF(AND(G47="ALI",O47="Médio"),10, IF(AND(G47="ALI",O47="Simples"),7, IF(AND(G47="ALI",O47="Complexo"),15, IF(AND(G47="AIE",O47="Simples"),5, IF(AND(G47="AIE",O47="Médio"),7, IF(AND(G47="AIE",O47="Complexo"),10,0)) ))))))))))) -> 3 | S47: =IF(G47="INM",C47*H47,IF(B47<>"Manutenção em interface",IF(B47<>"Desenv., Manutenção e Publicação de Páginas Estáticas",(P47+Q47)*C47,C47),C47)) -> 3 | Y47: =IF(X47<>"",VLOOKUP(X47,'Tipo Projeto'!$A$3:$B$44,2,0),0) -> 0 | AE47: =IF(Z47="EE",IF(OR(AND(OR(AC47=1,AC47=0),AA47>0,AA47<5),AND(OR(AC47=1,AC47=0),AA47>4,AA47<16),AND(AC47=2,AA47>0,AA47<5)),"Simples",IF(OR(AND(OR(AC47=1,AC47=0),AA47>15),AND(AC47=2,AA47>4,AA47<16),AND(AC47>2,AA47>0,AA47<5)),"Médio",IF(OR(AND(AC47=2,AA47>15),AND(AC47>2,AA47>4,AA47<16),AND(AC47>2,AA47>15)),"Complexo",""))), IF(OR(Z47="CE",Z47="SE"),IF(OR(AND(OR(AC47=1,AC47=0),AA47>0,AA47<6),AND(OR(AC47=1,AC47=0),AA47>5,AA47<20),AND(AC47>1,AC47<4,AA47>0,AA47<6)),"Simples",IF(OR(AND(OR(AC47=1,AC47=0),AA47>19),AND(AC47>1,AC47<4,AA47>5,AA47<20),AND(AC47>3,AA47>0,AA47<6)),"Médio",IF(OR(AND(AC47>1,AC47<4,AA47>19),AND(AC47>3,AA47>5,AA47<20),AND(AC47>3,AA47>19)),"Complexo",""))),"")) | AF47: =IF(Z47="ALI",IF(OR(AND(OR(AC47=1,AC47=0),AA47>0,AA47<20),AND(OR(AC47=1,AC47=0),AA47>19,AA47<51),AND(AC47>1,AC47<6,AA47>0,AA47<20)),"Simples",IF(OR(AND(OR(AC47=1,AC47=0),AA47>50),AND(AC47>1,AC47<6,AA47>19,AA47<51),AND(AC47>5,AA47>0,AA47<20)),"Médio",IF(OR(AND(AC47>1,AC47<6,AA47>50),AND(AC47>5,AA47>19,AA47<51),AND(AC47>5,AA47>50)),"Complexo",""))), IF(Z47="AIE",IF(OR(AND(OR(AC47=1, AC47=0),AA47>0,AA47<20),AND(OR(AC47=1, AC47=0),AA47>19,AA47<51),AND(AC47>1,AC47<6,AA47>0,AA47<20)),"Simples",IF(OR(AND(OR(AC47=1, AC47=0),AA47>50),AND(AC47>1,AC47<6,AA47>19,AA47<51),AND(AC47>5,AA47>0,AA47<20)),"Médio",IF(OR(AND(AC47>1,AC47<6,AA47>50),AND(AC47>5,AA47>19,AA47<51),AND(AC47>5,AA47>50)),"Complexo",""))),"")) | AG47: =IF(AE47="",AF47,IF(AF47="",AE47,"")) | AH47: =IF(AND(OR(Z47="EE",Z47="CE"),AG47="Simples"),3, IF(AND(OR(Z47="EE",Z47="CE"),AG47="Médio"),4, IF(AND(OR(Z47="EE",Z47="CE"),AG47="Complexo"),6, IF(AND(Z47="SE",AG47="Simples"),4, IF(AND(Z47="SE",AG47="Médio"),5, IF(AND(Z47="SE",AG47="Complexo"),7,0)))))) -> 0 | AI47: =IF(AND(Z47="ALI",AF47="Simples"),7, IF(AND(Z47="ALI",AF47="Médio"),10, IF(AND(Z47="ALI",AF47="Complexo"),15, IF(AND(Z47="AIE",AF47="Simples"),5, IF(AND(Z47="AIE",AF47="Médio"),7, IF(AND(Z47="AIE",AF47="Complexo"),10,0)))))) -> 0 | AJ47: =IF(W47="OK",S47,( IF(X47<>"Manutenção em interface",IF(X47<>"Desenv., Manutenção e Publicação de Páginas Estáticas",(AH47+AI47)*Y47,Y47),Y47))) -> 0 | AP47: =IF(AJ47=0,"",IF(AJ47=S47,"OK","Divergente"))
